SubID,ImageID,precision,recall,hmean,CER,detection_precision,detection_recall,detection_hmean,pairs,iouMat,gtPolPoints,detPolPoints,gtTrans,detTrans,filter_id,a,b,Expected
1,205,1,1,1,0,1,1,1,"[{'gt': 0, 'det': 0, 'correct': True}, {'gt': 1, 'det': 1, 'correct': True}, {'gt': 2, 'det': 2, 'correct': True}, {'gt': 3, 'det': 3, 'correct': True}]","[[0.810869463174084, 0.0, 0.0, 0.0], [0.0, 0.8057702900089729, 0.0, 0.0], [0.0, 0.0, 0.8390698738138465, 0.0], [0.0, 0.0, 0.0, 0.8455506887019941]]","[[82, 104, 93, 88, 113, 65, 152, 44, 147, 20, 107, 33, 73, 53, 51, 92], [166, 42, 195, 43, 231, 56, 266, 82, 286, 111, 313, 106, 307, 87, 279, 46, 214, 16, 167, 15], [126, 144, 152, 138, 187, 137, 223, 145, 228, 127, 173, 116, 129, 120], [92, 258, 119, 276, 172, 283, 212, 279, 255, 258, 225, 234, 215, 242, 172, 247, 147, 249, 105, 232]]","[[[52.08870967741935, 92.74193548387096], [78.70161290322582, 102.41935483870968], [94.42741935483872, 77.41935483870968], [125.47580645161293, 58.064516129032256], [152.49193548387098, 48.387096774193544], [148.86290322580646, 19.758064516129032], [100.47580645161293, 39.516129032258064], [70.63709677419357, 64.91935483870968]], [[164.18548387096774, 18.14516129032258], [166.20161290322582, 45.564516129032256], [216.60483870967744, 44.75806451612903], [245.63709677419354, 60.483870967741936], [284.3467741935484, 97.58064516129032], [299.6693548387097, 105.24193548387096], [313.3790322580645, 91.93548387096774], [283.5403225806452, 51.20967741935484], [243.6209677419355, 29.435483870967744], [200.07258064516128, 16.129032258064516]], [[121.44354838709677, 122.98387096774194], [128.2983870967742, 144.3548387096774], [152.8951612903226, 139.11290322580646], [189.58870967741936, 137.90322580645162], [219.02419354838713, 145.56451612903226], [227.89516129032256, 122.98387096774194], [176.68548387096774, 116.12903225806451], [144.42741935483872, 116.53225806451613]], [[97.25, 231.8548387096774], [85.15322580645162, 258.8709677419355], [169.42741935483872, 285.08064516129036], [224.6693548387097, 277.0161290322581], [254.10483870967744, 258.4677419354839], [225.8790322580645, 236.69354838709677], [174.26612903225808, 247.17741935483872]]]","['TEXAS', 'EMBASSY', 'LONDON', 'CANTINA']","['TEXAS', 'EMBASSY', 'LONDON', 'CANTINA']",1,1,1,-0.24
2,268,0.875,0.875,0.875,0.285714286,0.875,0.875,0.875,"[{'gt': 0, 'det': 3, 'correct': True}, {'gt': 1, 'det': 4, 'correct': True}, {'gt': 2, 'det': 6, 'correct': True}, {'gt': 3, 'det': 1, 'correct': True}, {'gt': 4, 'det': 5, 'correct': True}, {'gt': 6, 'det': 0, 'correct': True}, {'gt': 7, 'det': 7, 'correct': True}]","[[0.0, 0.0, 0.0, 0.8773879370377204, 0.0, 0.0, 0.0, 0.0], [0.0, 0.0, 0.0, 0.0, 0.7757430723853959, 0.0, 0.0, 0.0], [0.0, 0.0, 0.0, 0.0, 0.0, 0.0, 0.7774093277724421, 0.05699235594431653], [0.006192275249423945, 0.8008846577605923, 0.0, 0.0, 0.0, 0.0, 0.0, 0.0], [0.0, 0.0, 0.0, 0.0, 0.0, 0.814553299046977, 0.0, 0.0], [0.0, 0.0, 0.9201972465243187, 0.0, 0.0, 0.0, 0.0, 0.0], [0.8054098496785483, 0.0, 0.0, 0.0, 0.0, 0.0, 0.0, 0.0], [0.0, 0.0, 0.0, 0.0, 0.0, 0.0, 0.0, 0.7370225342402603]]","[[714, 261, 784, 261, 854, 261, 854, 237, 784, 237, 714, 237], [721, 287, 783, 287, 844, 287, 844, 264, 783, 264, 721, 264], [611, 326, 645, 326, 679, 326, 679, 306, 645, 306, 611, 306], [330, 126, 373, 126, 416, 126, 416, 99, 373, 99, 330, 99], [763, 312, 783, 312, 803, 312, 803, 293, 783, 293, 763, 293], [122, 278, 313, 216, 685, 237, 820, 187, 799, 125, 668, 164, 300, 130, 137, 178], [268, 130, 329, 125, 330, 98, 264, 98], [671, 331, 697, 335, 700, 304, 672, 304]]","[[[262.9174311926606, 99.71559633027528], [263.8348623853211, 125.40366972477068], [331.72477064220186, 125.40366972477068], [329.88990825688074, 91.45871559633032]], [[332.6422018348624, 97.88073394495417], [335.3944954128441, 120.81651376146793], [419.7981651376147, 126.32110091743124], [420.7155963302753, 98.79816513761472]], [[140.89908256880736, 184.1192660550459], [123.4678899082569, 277.69724770642205], [190.44036697247708, 250.17431192660553], [329.88990825688074, 212.55963302752295], [515.2110091743119, 228.15596330275233], [677.5963302752293, 244.66972477064223], [815.2110091743119, 187.7889908256881], [806.0366972477065, 118.06422018348628], [687.6880733944954, 158.4311926605505], [496.862385321101, 145.5871559633028], [360.16513761467894, 133.66055045871562], [256.49541284403676, 133.66055045871562], [156.4954128440367, 172.19266055045875]], [[715.2110091743119, 237.33027522935782], [713.3761467889908, 263.0183486238532], [853.743119266055, 261.1834862385321], [851.9082568807339, 240.08256880733947]], [[726.2201834862385, 266.6880733944954], [721.6330275229358, 289.6238532110092], [850.0733944954128, 290.54128440366975], [843.651376146789, 264.85321100917434]], [[761.0825688073395, 293.29357798165137], [764.7522935779816, 314.39449541284404], [804.2018348623853, 314.39449541284404], [805.1192660550458, 291.4587155963303]], [[611.5412844036697, 306.1376146788991], [606.954128440367, 323.56880733944956], [666.5871559633027, 329.07339449541286], [671.1743119266055, 305.22018348623857]], [[673.0091743119266, 308.88990825688074], [673.0091743119266, 329.9908256880734], [698.697247706422, 329.07339449541286], [699.6146788990826, 304.302752293578]]]","['CREATION', 'MUSEUM', 'EXIT', 'KEEN', 'ORG', 'ANKYLOSAURUS', 'THE', '11']","['THE', 'KEEN', 'ANKTLOSAURUS', 'CREATION', 'MUSEUM', 'ORG', 'EXIT', '11']",1,1,1,-0.24
3,210,1,1,1,0,1,1,1,"[{'gt': 0, 'det': 0, 'correct': True}, {'gt': 1, 'det': 1, 'correct': True}, {'gt': 2, 'det': 2, 'correct': True}, {'gt': 3, 'det': 3, 'correct': True}]","[[0.680600110886516, 0.05699355589023326, 0.0, 0.0], [0.0, 0.8112065138268134, 0.03164800730378833, 0.0], [0.0, 0.021716017597745822, 0.850448554478213, 0.0], [0.0, 0.0, 0.0, 0.8176948380525987]]","[[214, 196, 265, 220, 275, 203, 219, 172], [170, 199, 316, 272, 321, 251, 171, 165], [145, 200, 134, 225, 148, 284, 173, 302, 221, 289, 355, 330, 350, 274, 262, 254, 227, 211], [198, 355, 221, 348, 235, 350, 258, 356, 278, 370, 283, 334, 253, 324, 219, 320, 189, 332]]","[[[219.80985915492957, 173.6760563380282], [216.99295774647888, 190.5774647887324], [271.9225352112676, 218.74647887323945], [269.1056338028169, 200.43661971830988]], [[164.88028169014083, 172.26760563380284], [170.51408450704227, 195.50704225352115], [315.58450704225356, 270.1549295774648], [315.58450704225356, 243.39436619718313], [169.10563380281693, 163.81690140845072]], [[147.97887323943664, 195.50704225352115], [129.66901408450704, 223.6760563380282], [135.30281690140848, 261.0], [169.10563380281693, 303.9577464788733], [216.99295774647888, 294.80281690140845], [281.0774647887324, 302.54929577464793], [336.00704225352115, 326.4929577464789], [354.3169014084507, 312.4084507042254], [345.8661971830986, 302.54929577464793], [342.3450704225352, 264.5211267605634], [238.11971830985917, 244.0985915492958], [231.07746478873239, 211.7042253521127], [214.88028169014083, 213.81690140845072], [202.20422535211267, 217.3380281690141], [173.33098591549296, 198.32394366197184]], [[186.71126760563382, 339.16901408450707], [200.09154929577463, 355.3661971830986], [229.66901408450704, 346.21126760563385], [281.0774647887324, 368.7464788732395], [279.669014084507, 334.23943661971833], [223.33098591549296, 324.38028169014086], [200.09154929577463, 325.08450704225356]]]","['THE', 'WASHINGTON', 'GLASS', 'SCHOOL']","['THE', 'WASHINGTON', 'GLASS', 'SCHOOL']",1,1,1,-0.24
4,99,0.333333333,1,0.5,0,0.333333333,1,0.5,"[{'gt': 0, 'det': 0, 'correct': True}, {'gt': 1, 'det': 4, 'correct': True}]","[[0.8349080722512001, 0.00024661845033919637, 0.0, 0.004803239545419499, 0.0, 0.0], [0.0, 0.0, 0.0, 5.47125541638351e-06, 0.6686397757427233, 0.0], [0.013159344370298446, 0.2729812918684432, 0.04436569807514547, 0.2877629399633315, 0.009361391394455947, 0.0]]","[[35, 40, 96, 34, 157, 49, 162, 30, 95, 10, 31, 19], [86, 54, 114, 54, 114, 45, 85, 44], [63, 47, 97, 43, 133, 51, 135, 43, 97, 33, 57, 37]]","[[[28.897849462365585, 17.473118279569892], [37.76881720430107, 38.97849462365591], [72.98387096774192, 32.52688172043011], [135.3494623655914, 40.86021505376344], [164.6505376344086, 51.61290322580645], [156.31720430107526, 25.806451612903224], [106.85483870967741, 14.784946236559138], [61.96236559139784, 12.096774193548386]], [[62.5, 37.09677419354839], [62.5, 43.27956989247312], [92.60752688172042, 41.935483870967744], [92.33870967741936, 34.946236559139784]], [[94.48924731182797, 35.483870967741936], [94.48924731182797, 40.32258064516129], [101.4784946236559, 41.12903225806452], [101.20967741935485, 36.55913978494624]], [[103.36021505376343, 37.365591397849464], [103.62903225806451, 42.473118279569896], [125.40322580645162, 47.8494623655914], [137.5, 50.26881720430107], [134.00537634408602, 43.01075268817204], [110.88709677419354, 36.82795698924731]], [[86.69354838709677, 43.54838709677419], [86.69354838709677, 50.53763440860215], [113.30645161290323, 52.68817204301075], [112.5, 44.89247311827957]], [[181.31720430107526, 27.1505376344086], [181.31720430107526, 30.913978494623652], [192.33870967741936, 32.25806451612903], [191.53225806451613, 27.956989247311824]]]","['ISTANBUL', 'HOUSE', '###']","['ISTANBUL', 'KEBAB', '', 'BURGER', 'HOUSE', 'IST']",1,1,1,-0.24
5,95,0.888888889,1,0.941176471,0,0.888888889,1,0.941176471,"[{'gt': 0, 'det': 0, 'correct': True}, {'gt': 1, 'det': 1, 'correct': True}, {'gt': 2, 'det': 2, 'correct': True}, {'gt': 3, 'det': 3, 'correct': True}, {'gt': 4, 'det': 4, 'correct': True}, {'gt': 5, 'det': 5, 'correct': True}, {'gt': 6, 'det': 6, 'correct': True}, {'gt': 7, 'det': 7, 'correct': True}]","[[0.7580057470853865, 0.0, 0.0, 0.0, 0.0, 0.0, 0.0, 0.0, 0.0], [0.0, 0.8129118508010217, 0.0, 0.0, 0.0, 0.0, 0.0, 0.0, 0.0], [0.0, 0.0, 0.7907471441430938, 0.0, 0.0, 0.0, 0.0, 0.0, 0.0], [0.0, 0.0, 0.0, 0.8851810932329444, 0.0, 0.0, 0.0, 0.0, 0.0], [0.0, 0.0, 0.0, 0.0, 0.8756127929327008, 0.0, 0.0, 0.0, 0.0], [0.0, 0.0, 0.0, 0.0, 0.0, 0.9033435202947321, 0.0, 0.0, 0.0], [0.0, 0.0, 0.0, 0.0, 0.0, 0.0, 0.8638044803857268, 0.0, 0.0], [0.0, 0.0, 0.0, 0.0, 0.0, 0.0, 0.0, 0.8574777978022116, 0.0]]","[[226, 131, 288, 128, 345, 132, 341, 108, 281, 101, 223, 102], [358, 136, 415, 151, 472, 175, 478, 156, 426, 131, 359, 111], [213, 179, 269, 166, 334, 167, 334, 146, 275, 142, 197, 152], [360, 173, 431, 190, 494, 223, 497, 200, 439, 174, 359, 150], [124, 248, 184, 225, 247, 213, 236, 178, 177, 189, 108, 215], [260, 212, 325, 204, 389, 214, 391, 185, 323, 172, 253, 175], [424, 221, 481, 249, 539, 289, 546, 265, 504, 229, 426, 193], [307, 246, 357, 246, 413, 257, 418, 237, 367, 212, 304, 213]]","[[[217.87878787878788, 96.51515151515154], [222.12121212121212, 133.4848484848485], [342.1212121212121, 135.90909090909093], [337.8787878787879, 106.81818181818186]], [[354.8484848484849, 108.63636363636367], [354.8484848484849, 139.54545454545456], [419.0909090909091, 155.3030303030303], [472.42424242424244, 175.90909090909093], [477.87878787878793, 152.8787878787879]], [[192.42424242424244, 147.42424242424244], [203.33333333333337, 180.15151515151516], [259.6969696969697, 171.06060606060606], [333.6363636363636, 169.24242424242425], [333.03030303030306, 143.7878787878788], [255.4545454545455, 141.969696969697]], [[359.0909090909091, 151.06060606060606], [358.4848484848485, 172.27272727272728], [417.27272727272725, 189.24242424242425], [497.87878787878793, 223.1818181818182], [497.87878787878793, 200.15151515151516], [429.3939393939394, 170.45454545454547]], [[111.81818181818184, 211.66666666666669], [188.18181818181822, 187.42424242424244], [240.90909090909093, 177.12121212121212], [239.6969696969697, 214.0909090909091], [121.51515151515153, 249.84848484848484]], [[260.90909090909093, 208.03030303030303], [339.6969696969697, 208.03030303030303], [393.03030303030306, 214.69696969696972], [388.1818181818182, 183.1818181818182], [328.1818181818182, 174.0909090909091], [257.8787878787879, 174.69696969696972], [248.7878787878788, 177.12121212121212]], [[423.3333333333333, 194.69696969696972], [419.0909090909091, 219.54545454545456], [466.96969696969694, 243.78787878787878], [541.5151515151515, 288.6363636363637], [549.3939393939394, 260.1515151515152], [496.06060606060606, 225.0]], [[300.3030303030303, 211.66666666666669], [302.1212121212121, 238.93939393939394], [357.2727272727273, 249.84848484848484], [414.8484848484849, 251.66666666666669], [413.03030303030306, 230.45454545454547], [368.7878787878788, 212.87878787878788]], [[340.3030303030303, 380.7575757575758], [340.90909090909093, 392.2727272727273], [351.21212121212125, 392.2727272727273], [350.0, 379.54545454545456]]]","['SANTA', 'MONICA', 'YACHT', 'HARBOR', 'SPORT', 'FISHING', 'BOATING', 'CAFES']","['SANTA', 'MONICA', 'YACHT', 'HARBOR', 'SPORT', 'FISHING', 'BOATING', 'CAFES', '']",1,1,1,-0.24
1,264,1,1,1,0,1,1,1,"[{'gt': 0, 'det': 0, 'correct': True}, {'gt': 1, 'det': 1, 'correct': True}]","[[0.7675788812031901, 0.0], [0.0, 0.8758101322192979]]","[[139, 163, 217, 110, 309, 123, 324, 82, 208, 77, 131, 135], [157, 191, 296, 159, 286, 128, 154, 160]]","[[[131.72043010752688, 135.50896057347668], [141.0394265232975, 163.8243727598566], [179.7491039426523, 126.18996415770609], [201.97132616487454, 114.72043010752688], [225.98566308243727, 108.98566308243727], [271.14695340501794, 106.47670250896057], [310.2150537634409, 124.0394265232975], [324.5519713261649, 94.64874551971326], [283.33333333333337, 77.80286738351255], [255.0179211469534, 73.14336917562724], [227.77777777777777, 74.93548387096774], [196.23655913978493, 86.40501792114695], [162.1863799283154, 105.04301075268818], [139.247311827957, 129.41577060931897]], [[155.3763440860215, 161.31541218637992], [156.4516129032258, 187.83870967741933], [293.72759856630825, 157.3727598566308], [293.36917562724017, 142.31899641577058], [282.2580645161291, 129.0573476702509]]]","['ANTIQUE', 'HOSTEL']","['ANTIQUE', 'HOSTEL']",2,0.288,0.288,0.36
2,264,1,1,1,0,1,1,1,"[{'gt': 0, 'det': 0, 'correct': True}, {'gt': 1, 'det': 1, 'correct': True}]","[[0.7304356747511799, 0.0], [0.0, 0.8880522666194626]]","[[139, 163, 217, 110, 309, 123, 324, 82, 208, 77, 131, 135], [157, 191, 296, 159, 286, 128, 154, 160]]","[[[133.15412186379928, 135.8673835125448], [138.53046594982078, 160.5985663082437], [178.67383512544802, 125.47311827956989], [223.11827956989248, 106.11827956989247], [277.24014336917566, 105.40143369175627], [310.2150537634409, 123.32258064516128], [321.6845878136201, 92.13978494623656], [277.59856630824373, 74.21863799283155], [221.68458781362006, 77.08602150537634], [182.97491039426524, 91.42293906810036], [144.2652329749104, 120.45519713261649]], [[155.7347670250896, 159.88172043010752], [155.7347670250896, 187.12186379928315], [299.10394265232975, 157.0143369175627], [285.1254480286739, 128.69892473118279]]]","['ANTIQUE', 'HOSTEL']","['ANTIQUE', 'HOSTEL']",2,0.288,0.288,0.36
3,166,1,1,1,0,1,1,1,"[{'gt': 0, 'det': 0, 'correct': True}, {'gt': 1, 'det': 1, 'correct': True}, {'gt': 2, 'det': 2, 'correct': True}, {'gt': 3, 'det': 3, 'correct': True}]","[[0.7727281801232498, 0.0, 0.0, 0.0], [0.0, 0.7419735181951753, 0.0, 0.0], [0.0, 0.0, 0.8100233820208809, 0.0], [0.0, 0.0, 0.0, 0.6478344026216641]]","[[45, 141, 97, 121, 91, 93, 37, 119], [108, 113, 136, 113, 203, 122, 209, 99, 195, 78, 114, 77], [56, 153, 181, 140, 182, 125, 56, 138], [110, 175, 129, 176, 132, 163, 111, 166]]","[[[38.22580645161291, 119.99999999999999], [43.38709677419355, 137.74193548387098], [65.96774193548389, 127.41935483870967], [96.61290322580645, 117.74193548387096], [90.16129032258065, 97.74193548387096], [60.161290322580655, 106.77419354838709]], [[114.6774193548387, 78.38709677419354], [107.25806451612904, 94.83870967741935], [110.80645161290322, 112.9032258064516], [151.1290322580645, 111.61290322580645], [205.0, 122.58064516129032], [205.96774193548384, 97.74193548387096], [199.51612903225805, 93.87096774193547], [195.96774193548384, 77.09677419354838], [185.64516129032256, 83.54838709677419], [183.38709677419354, 89.35483870967741], [128.5483870967742, 87.09677419354838], [122.41935483870968, 76.77419354838709]], [[58.54838709677419, 139.03225806451613], [59.19354838709678, 149.35483870967744], [114.03225806451614, 147.09677419354838], [181.77419354838707, 141.29032258064515], [179.51612903225805, 127.74193548387096], [102.74193548387096, 133.8709677419355]], [[113.06451612903227, 166.1290322580645], [113.06451612903227, 173.2258064516129], [131.1290322580645, 173.5483870967742], [129.83870967741933, 163.8709677419355]]]","['SUN', 'FRESH', 'MARKET', '4001']","['SUN', 'FRESH', 'MARKET', '4001']",2,0.288,0.288,0.36
4,277,1,1,1,0,1,1,1,"[{'gt': 1, 'det': 4, 'correct': True}, {'gt': 2, 'det': 5, 'correct': True}, {'gt': 3, 'det': 0, 'correct': True}, {'gt': 4, 'det': 1, 'correct': True}, {'gt': 5, 'det': 2, 'correct': True}, {'gt': 6, 'det': 3, 'correct': True}]","[[0.0, 0.0, 0.0, 0.0, 0.0, 0.0], [0.0, 0.0, 0.0, 0.0, 0.7935523662289927, 0.0], [0.0, 0.0, 0.0, 0.0, 0.0, 0.8784625732577824], [0.8484210427599346, 0.0, 0.0, 0.0, 0.0, 0.0], [0.0022773969623583867, 0.8413464700345391, 0.0003501969655652641, 0.0, 0.0, 0.0], [0.0, 0.010029980810096142, 0.7916853153097746, 0.0, 0.0, 0.0], [0.0, 0.0, 0.0, 0.7678440686922864, 0.0, 0.0], [0.0, 0.0, 0.0, 0.0, 0.0, 0.0], [0.0, 0.0, 0.0, 0.0, 0.0, 0.0], [0.0, 0.0, 0.0, 0.0, 0.0, 0.0]]","[[172, 409, 204, 361, 256, 319, 234, 278, 177, 323, 142, 380], [270, 308, 327, 289, 396, 295, 399, 247, 316, 253, 250, 277], [403, 292, 465, 305, 516, 334, 532, 298, 474, 266, 411, 251], [148, 569, 367, 476, 651, 461, 630, 350, 303, 386, 120, 466], [288, 611, 387, 578, 511, 562, 496, 479, 360, 485, 271, 514], [259, 739, 426, 661, 624, 632, 619, 566, 403, 577, 210, 641], [633, 277, 768, 242, 768, 193, 633, 220], [684, 328, 772, 305, 769, 268, 676, 289], [534, 769, 604, 731, 652, 655, 618, 647, 564, 713, 514, 745], [7, 481, 60, 475, 58, 437, 6, 442]]","[[[128.73239436619718, 465.07042253521126], [128.73239436619718, 522.8169014084508], [172.39436619718305, 567.8873239436621], [248.45070422535213, 520.0], [424.5070422535211, 470.70422535211264], [666.7605633802816, 460.8450704225352], [589.2957746478874, 339.7183098591549], [344.22535211267603, 358.0281690140845]], [[270.98591549295776, 518.5915492957747], [299.15492957746477, 614.3661971830986], [504.78873239436626, 552.3943661971831], [482.25352112676063, 480.5633802816901], [372.39436619718316, 493.2394366197183], [338.59154929577466, 489.01408450704224], [328.7323943661972, 501.6901408450704]], [[241.40845070422534, 631.2676056338029], [213.23943661971833, 679.1549295774648], [272.39436619718316, 731.2676056338029], [628.7323943661972, 634.0845070422536], [616.056338028169, 559.4366197183099], [447.0422535211267, 583.3802816901409], [423.0985915492958, 569.2957746478874], [400.5633802816902, 591.830985915493]], [[628.7323943661972, 220.0], [628.7323943661972, 269.2957746478873], [779.0, 247.2381444631089], [779.0, 201.69014084507043]], [[252.67605633802822, 270.70422535211264], [259.7183098591549, 310.14084507042253], [390.7042253521127, 286.1971830985915], [399.15492957746477, 245.35211267605635]], [[409.01408450704224, 249.57746478873239], [404.78873239436626, 287.6056338028169], [458.3098591549296, 305.91549295774644], [520.2816901408451, 335.49295774647885], [540.0, 296.05633802816897], [465.3521126760564, 263.66197183098586]]]","['###', 'BISKUT', 'BERAS', 'ORIGINAL', 'RICE', 'CRACKERS', 'TENTE', '###', '###', '###']","['ORIGINAL', 'RICE', 'CRACKERS', 'TENTE', 'BISKUT', 'BERAS']",2,0.288,0.288,0.36
4,61,0.5,0.666666667,0.571428571,0.615384615,0.5,0.666666667,0.571428571,"[{'gt': 1, 'det': 2, 'correct': True}, {'gt': 2, 'det': 1, 'correct': True}]","[[0.8438355819105343, 0.0, 0.0, 0.0], [0.0, 0.0, 0.7902653985101908, 0.0], [0.0, 0.7774398911105896, 0.0, 0.0]]","[[117, 96, 158, 72, 200, 70, 236, 86, 240, 68, 208, 50, 159, 51, 118, 77], [178, 121, 189, 121, 189, 105, 175, 105], [151, 154, 212, 146, 212, 129, 151, 136]]","[[[118.87096774193549, 71.93548387096773], [120.8064516129032, 95.48387096774192], [144.3548387096774, 77.09677419354838], [173.70967741935482, 67.09677419354838], [236.29032258064512, 84.51612903225806], [240.1612903225806, 64.83870967741935], [200.8064516129032, 48.70967741935484], [164.6774193548387, 49.03225806451613], [121.4516129032258, 71.29032258064515]], [[149.19354838709677, 135.48387096774195], [149.83870967741933, 150.6451612903226], [215.64516129032256, 145.48387096774195], [212.41935483870967, 126.4516129032258]], [[176.93548387096774, 106.77419354838709], [176.93548387096774, 122.25806451612902], [188.87096774193546, 122.25806451612902], [187.9032258064516, 103.87096774193547]], [[138.2258064516129, 95.48387096774192], [138.54838709677418, 106.12903225806451], [156.29032258064515, 100.32258064516128], [152.41935483870967, 92.58064516129032]]]","['MONTEREY', '2', 'FIRE']","['MONTERY', 'FIRE', '2', 'EST']",2,0.288,0.288,0.36
5,99,0.285714286,1,0.444444444,0,0.285714286,1,0.444444444,"[{'gt': 0, 'det': 0, 'correct': True}, {'gt': 1, 'det': 3, 'correct': True}]","[[0.8772945294731702, 0.013735468801605399, 0.01522096110759358, 0.0, 0.0, 0.0, 0.0], [0.0, 0.0, 0.0009502618155478426, 0.6256039095940358, 0.0, 0.0, 0.0], [0.009422950300479255, 0.3338183607360238, 0.32986785667932284, 0.005611981366124568, 0.0, 0.0, 0.0]]","[[35, 40, 96, 34, 157, 49, 162, 30, 95, 10, 31, 19], [86, 54, 114, 54, 114, 45, 85, 44], [63, 47, 97, 43, 133, 51, 135, 43, 97, 33, 57, 37]]","[[[28.897849462365585, 18.548387096774192], [32.123655913978496, 38.70967741935484], [69.75806451612902, 33.333333333333336], [103.09139784946237, 35.215053763440864], [155.51075268817203, 48.38709677419355], [160.61827956989248, 29.838709677419352], [117.60752688172042, 16.129032258064516], [83.46774193548387, 12.36559139784946], [47.983870967741936, 13.978494623655912]], [[63.575268817204304, 45.16129032258065], [92.8763440860215, 41.12903225806452], [91.53225806451613, 33.333333333333336], [61.155913978494624, 35.75268817204301]], [[103.09139784946237, 42.74193548387097], [119.22043010752688, 46.774193548387096], [134.2741935483871, 50.26881720430107], [134.2741935483871, 41.666666666666664], [118.41397849462365, 37.903225806451616], [102.28494623655914, 34.67741935483871]], [[85.34946236559139, 50.53763440860215], [96.90860215053763, 50.806451612903224], [113.03763440860214, 51.88172043010753], [113.03763440860214, 45.16129032258065], [102.28494623655914, 44.89247311827957], [93.41397849462365, 44.89247311827957], [85.61827956989248, 44.623655913978496]], [[104.7043010752688, 112.90322580645162], [101.20967741935485, 118.54838709677419], [100.94086021505376, 125.53763440860214], [103.62903225806451, 129.3010752688172], [110.61827956989248, 131.1827956989247], [113.30645161290323, 128.49462365591395], [113.84408602150538, 123.65591397849462], [114.11290322580643, 118.54838709677419], [112.76881720430106, 113.44086021505376]], [[1.7473118279569917, 15.86021505376344], [13.306451612903231, 17.204301075268816], [14.381720430107535, 5.376344086021505], [0.9408602150537675, 5.376344086021505]], [[182.1236559139785, 24.193548387096772], [181.31720430107526, 33.064516129032256], [192.33870967741936, 32.795698924731184], [191.53225806451613, 26.344086021505376]]]","['ISTANBUL', 'HOUSE', '###']","['ISTANBUL', 'KEBAB', 'BURGER', 'HOUSE', '--', '', '']",2,0.288,0.288,0.36
1,166,1,0.75,0.857142857,0.222222222,1,0.75,0.857142857,"[{'gt': 0, 'det': 0, 'correct': True}, {'gt': 1, 'det': 1, 'correct': True}, {'gt': 2, 'det': 2, 'correct': True}]","[[0.7321098103203079, 0.0, 0.0], [0.0, 0.7189532528847541, 0.0], [0.0, 0.0, 0.8332740939828422], [0.0, 0.0, 0.0]]","[[45, 141, 97, 121, 91, 93, 37, 119], [108, 113, 136, 113, 203, 122, 209, 99, 195, 78, 114, 77], [56, 153, 181, 140, 182, 125, 56, 138], [110, 175, 129, 176, 132, 163, 111, 166]]","[[[35.96774193548387, 120.96774193548386], [42.741935483870975, 136.7741935483871], [69.19354838709678, 125.80645161290322], [94.03225806451614, 117.09677419354838], [91.77419354838709, 97.41935483870967], [68.54838709677419, 103.54838709677419], [43.06451612903227, 114.19354838709677]], [[109.51612903225806, 81.93548387096773], [110.48387096774194, 113.54838709677419], [150.16129032258067, 110.32258064516128], [184.67741935483872, 116.12903225806451], [204.35483870967738, 123.2258064516129], [207.25806451612902, 92.25806451612902], [197.9032258064516, 79.35483870967741], [186.29032258064512, 79.35483870967741], [185.96774193548384, 89.99999999999999], [123.70967741935483, 86.77419354838709], [124.03225806451614, 77.41935483870967], [114.03225806451614, 77.41935483870967]], [[56.29032258064517, 140.6451612903226], [58.22580645161291, 152.25806451612902], [181.77419354838707, 141.29032258064515], [180.48387096774195, 126.12903225806451]]]","['sun', 'fresh', 'MARKET', '4001']","['SUN', 'FRESH', 'MARKET']",3,0.157,0.157,0.66
2,181,1,1,1,0,1,1,1,"[{'gt': 0, 'det': 0, 'correct': True}, {'gt': 1, 'det': 1, 'correct': True}, {'gt': 2, 'det': 2, 'correct': True}]","[[0.8214715254148056, 0.0, 0.0], [0.0, 0.8948660986231279, 0.0], [0.0, 0.0, 0.8910712557628885]]","[[500, 103, 528, 86, 605, 63, 720, 39, 729, 9, 714, 3, 569, 30, 477, 64], [474, 173, 507, 158, 554, 139, 639, 114, 742, 101, 749, 61, 609, 82, 503, 111, 462, 130], [445, 553, 560, 541, 778, 505, 765, 440, 556, 474, 444, 498]]","[[[479.47478991596637, 68.59663865546219], [504.6848739495798, 102.21008403361344], [597.9621848739496, 68.59663865546219], [702.1638655462184, 43.38655462184874], [734.0966386554621, 43.38655462184874], [728.2142857142857, 2.210084033613448], [589.5588235294117, 23.218487394957982], [517.2899159663865, 35.8235294117647]], [[461.8277310924369, 133.30252100840335], [477.7941176470588, 172.7983193277311], [549.2226890756302, 143.38655462184875], [629.8949579831932, 119.85714285714286], [742.5, 101.36974789915965], [750.063025210084, 66.07563025210084], [650.063025210084, 73.63865546218489], [538.2983193277311, 102.21008403361344], [472.7521008403361, 119.01680672268907]], [[444.18067226890753, 498.0084033613445], [444.18067226890753, 553.0], [781.155462184874, 509.77310924369755], [769.390756302521, 445.06722689075633]]]","['WELCOME', 'BIENVENUE', 'PARLIAMENT']","['WELCOME', 'BIENVENUE', 'PARLIAMENT']",3,0.157,0.157,0.66
3,99,0.25,0.5,0.333333,0.384615,0.25,0.5,0.333333,"[{'gt': 0, 'det': 0, 'correct': True}]","[[0.8395343457978396, 0.01038339269065022, 0.006580519711995025, 0.0], [0.0, 0.0, 0.0, 0.6959651668209784], [0.0022040359105454585, 0.32498609558033104, 0.29113169131995037, 0.013970926285649556]]","[[35, 40, 96, 34, 157, 49, 162, 30, 95, 10, 31, 19], [86, 54, 114, 54, 114, 45, 85, 44], [63, 47, 97, 43, 133, 51, 135, 43, 97, 33, 57, 37]]","[[[30.24193548387096, 19.892473118279568], [38.30645161290323, 39.78494623655914], [56.58602150537634, 35.215053763440864], [107.1236559139785, 33.60215053763441], [157.39247311827955, 50.0], [156.04838709677418, 26.344086021505376], [108.19892473118279, 12.903225806451612], [54.97311827956989, 11.021505376344084], [31.58602150537635, 16.39784946236559]], [[60.34946236559139, 36.55913978494624], [63.037634408602145, 44.623655913978496], [92.8763440860215, 41.12903225806452], [92.60752688172042, 34.67741935483871], [65.18817204301075, 34.946236559139784]], [[101.4784946236559, 37.09677419354839], [101.74731182795699, 42.74193548387097], [125.67204301075267, 46.774193548387096], [132.39247311827955, 49.73118279569893], [134.00537634408602, 42.473118279569896], [113.30645161290323, 37.365591397849464]], [[85.0806451612903, 44.086021505376344], [85.61827956989248, 50.53763440860215], [117.06989247311827, 52.68817204301075], [114.11290322580643, 44.623655913978496]]]","['ISTANBUL', 'HOUSE', '###']","['ISTANBUL', 'KYBAB', '', 'V']",3,0.157,0.157,0.66
4,268,1,0.875,0.933333333,0.071428571,1,0.875,0.933333333,"[{'gt': 0, 'det': 3, 'correct': True}, {'gt': 1, 'det': 4, 'correct': True}, {'gt': 2, 'det': 1, 'correct': True}, {'gt': 3, 'det': 6, 'correct': True}, {'gt': 5, 'det': 0, 'correct': True}, {'gt': 6, 'det': 5, 'correct': True}, {'gt': 7, 'det': 2, 'correct': True}]","[[0.0, 0.0, 0.0, 0.8941675618173204, 0.0, 0.0, 0.0], [0.0, 0.0, 0.0, 0.0, 0.8919292555018753, 0.0, 0.0], [0.0, 0.7165067548442716, 0.02902669422118164, 0.0, 0.0, 0.0, 0.0], [0.0, 0.0, 0.0, 0.0, 0.0, 0.0052068230919370805, 0.9146037159464792], [0.0, 0.0, 0.0, 0.0, 0.0, 0.0, 0.0], [0.8856290066886773, 0.0, 0.0, 0.0, 0.0, 0.0, 0.0], [0.0, 0.0, 0.0, 0.0, 0.0, 0.7905172859192746, 0.0], [0.0, 0.0, 0.6205000199600513, 0.0, 0.0, 0.0, 0.0]]","[[714, 261, 784, 261, 854, 261, 854, 237, 784, 237, 714, 237], [721, 287, 783, 287, 844, 287, 844, 264, 783, 264, 721, 264], [611, 326, 645, 326, 679, 326, 679, 306, 645, 306, 611, 306], [330, 126, 373, 126, 416, 126, 416, 99, 373, 99, 330, 99], [763, 312, 783, 312, 803, 312, 803, 293, 783, 293, 763, 293], [122, 278, 313, 216, 685, 237, 820, 187, 799, 125, 668, 164, 300, 130, 137, 178], [268, 130, 329, 125, 330, 98, 264, 98], [671, 331, 697, 335, 700, 304, 672, 304]]","[[[140.89908256880736, 181.36697247706425], [126.22018348623857, 274.9449541284404], [223.4678899082569, 232.74311926605506], [414.2935779816514, 211.64220183486242], [665.6697247706422, 241.91743119266056], [822.5504587155963, 182.28440366972478], [806.0366972477065, 119.89908256880739], [632.6422018348624, 161.18348623853214], [451.908256880734, 136.41284403669727], [259.2477064220184, 136.41284403669727]], [[608.7889908256881, 304.302752293578], [608.7889908256881, 325.4036697247707], [668.4220183486239, 329.9908256880734], [671.1743119266055, 303.38532110091745]], [[676.6788990825688, 305.22018348623857], [675.7614678899083, 324.4862385321101], [696.8623853211009, 328.1559633027523], [700.5321100917431, 302.4678899082569]], [[715.2110091743119, 235.4954128440367], [716.1284403669725, 259.34862385321105], [853.743119266055, 263.9357798165138], [851.9082568807339, 236.41284403669727]], [[717.9633027522935, 264.85321100917434], [719.7981651376147, 288.70642201834863], [850.0733944954128, 286.8715596330275], [845.4862385321101, 262.10091743119267]], [[265.66972477064223, 99.71559633027528], [265.66972477064223, 122.65137614678903], [331.72477064220186, 122.65137614678903], [329.88990825688074, 97.88073394495417]], [[332.6422018348624, 99.71559633027528], [332.6422018348624, 125.40366972477068], [417.9633027522936, 127.23853211009178], [418.88073394495416, 98.79816513761472]]]","['CREATION', 'MUSEUM', 'EXIT', 'KEEN', 'ORG', 'ANKYLOSAURUS', 'THE', '11']","['ANKYLOSAURUS', 'EXIT', '11', 'CREATION', 'MUSEUM', 'THE', 'KEEN']",3,0.157,0.157,0.66
5,210,0.75,0.75,0.75,0.416666667,0.75,0.75,0.75,"[{'gt': 0, 'det': 0, 'correct': True}, {'gt': 2, 'det': 2, 'correct': True}, {'gt': 3, 'det': 3, 'correct': True}]","[[0.6987530824850802, 0.048111980541090935, 0.0, 0.0], [0.017388054924213272, 0.8530157829877099, 0.10955681780649461, 0.0], [0.0, 0.025512969013746136, 0.7713464204091809, 0.0], [0.0, 0.0, 0.0, 0.8586929578641634]]","[[214, 196, 265, 220, 275, 203, 219, 172], [170, 199, 316, 272, 321, 251, 171, 165], [145, 200, 134, 225, 148, 284, 173, 302, 221, 289, 355, 330, 350, 274, 262, 254, 227, 211], [198, 355, 221, 348, 235, 350, 258, 356, 278, 370, 283, 334, 253, 324, 219, 320, 189, 332]]","[[[223.33098591549296, 169.45070422535213], [214.88028169014083, 194.80281690140848], [264.8802816901408, 218.04225352112678], [268.40140845070425, 193.3943661971831]], [[170.51408450704227, 166.63380281690144], [166.99295774647888, 194.80281690140848], [319.1056338028169, 272.2676056338028], [316.2887323943662, 243.39436619718313]], [[131.07746478873239, 198.32394366197184], [141.64084507042256, 293.3943661971831], [353.61267605633805, 324.38028169014086], [345.8661971830986, 268.0422535211268], [224.03521126760566, 208.88732394366198], [152.20422535211267, 191.2816901408451]], [[183.89436619718307, 334.94366197183103], [190.2323943661972, 353.9577464788733], [226.85211267605635, 350.4366197183099], [278.2605633802817, 366.63380281690144], [281.78169014084506, 332.1267605633803], [224.03521126760566, 318.0422535211268]]]","['THE', 'WASHINGTON', 'GLASS', 'SCHOOL']","['THE', 'WASHINTON', 'GLASS', 'SCHOOL']",3,0.157,0.157,0.66
1,146,1,1,1,0,1,1,1,"[{'gt': 0, 'det': 0, 'correct': True}, {'gt': 1, 'det': 1, 'correct': True}, {'gt': 4, 'det': 2, 'correct': True}, {'gt': 5, 'det': 3, 'correct': True}, {'gt': 2, 'det': 4, 'correct': True}, {'gt': 3, 'det': 5, 'correct': True}]","[[0.9109937011771911, 0.0, 0.0, 0.0, 0.0, 0.0], [0.0, 0.8579790739569926, 0.0, 0.0, 0.0, 0.0], [0.0, 0.0, 0.0, 0.0, 0.8822261423429644, 0.0], [0.0, 0.0, 0.0, 0.0, 0.0, 0.8447116472907407], [0.0, 0.0, 0.7596352424737549, 0.0, 0.0, 0.0], [0.0, 0.0, 0.0, 0.6717686155317149, 0.0, 0.0]]","[[110, 203, 182, 153, 304, 128, 299, 61, 166, 93, 74, 149], [323, 120, 375, 125, 460, 148, 552, 207, 583, 155, 459, 82, 333, 64], [118, 343, 213, 382, 330, 395, 339, 330, 245, 325, 128, 280], [372, 395, 449, 384, 541, 339, 511, 284, 432, 323, 354, 333], [487, 255, 538, 273, 555, 228, 519, 214, 491, 221], [95, 248, 112, 249, 128, 271, 137, 271, 153, 217, 105, 217]]","[[[79.24242424242424, 151.77272727272725], [113.18181818181817, 200.86363636363635], [178.030303030303, 162.07575757575756], [260.45454545454544, 132.98484848484847], [302.27272727272725, 128.13636363636363], [296.2121212121212, 62.68181818181818], [231.96969696969694, 74.1969696969697], [162.87878787878788, 97.83333333333334], [111.36363636363636, 121.46969696969697]], [[328.9393939393939, 63.8939393939394], [325.9090909090909, 125.71212121212122], [413.78787878787875, 134.80303030303028], [480.4545454545454, 166.3181818181818], [550.7575757575758, 209.95454545454544], [579.2424242424241, 152.98484848484847], [516.8181818181818, 109.34848484848486], [436.21212121212113, 71.16666666666667], [355.60606060606057, 59.04545454545455]], [[485.9090909090909, 220.86363636363635], [486.5151515151515, 254.1969696969697], [548.3333333333333, 259.0454545454545], [550.1515151515151, 220.86363636363635], [518.6363636363636, 214.1969696969697]], [[98.63636363636364, 217.22727272727272], [98.63636363636364, 254.80303030303025], [121.06060606060605, 252.98484848484847], [121.66666666666664, 268.1363636363636], [148.93939393939394, 267.530303030303], [162.87878787878788, 246.9242424242424], [155.60606060606057, 222.68181818181816], [133.78787878787875, 213.59090909090907]], [[130.15151515151513, 282.07575757575756], [110.75757575757574, 333.59090909090907], [198.030303030303, 379.6515151515151], [265.9090909090909, 394.80303030303025], [333.78787878787875, 399.0454545454545], [339.8484848484848, 337.2272727272727], [261.060606060606, 326.3181818181818], [185.3030303030303, 306.3181818181818], [144.6969696969697, 279.0454545454545], [136.2121212121212, 281.46969696969694]], [[359.2424242424242, 336.62121212121207], [379.8484848484848, 402.68181818181813], [543.4848484848484, 336.62121212121207], [510.1515151515151, 288.7424242424242]]]","['INDIAN', 'HARBOR', 'YACHT', 'CLUB', '1889', 'org']","['INDIAN', 'HARBOR', '1889', 'ORG', 'YACHT', 'CLUB']",4,0.086,0.086,0.97
1,18,0,0,0,0.789473684,1,0.666666667,0.8,"[{'gt': 0, 'det': 0, 'correct': False}, {'gt': 2, 'det': 1, 'correct': False}]","[[0.5453288826059602, 0.0], [0.31734149623079955, 0.0], [0.0, 0.5576590562613435]]","[[150, 110, 184, 97, 226, 99, 240, 74, 196, 67, 137, 87], [232, 99, 253, 105, 276, 116, 286, 96, 264, 78, 240, 72], [149, 280, 149, 282, 273, 285, 275, 263, 152, 261]]","[[[139.7150537634409, 84.94623655913978], [148.3172043010752, 111.8279569892473], [182.72580645161293, 95.69892473118279], [226.8118279569892, 95.69892473118279], [280.57526881720423, 118.2795698924731], [290.252688172043, 92.47311827956989], [235.41397849462362, 67.74193548387096], [182.72580645161293, 68.81720430107526]], [[148.3172043010752, 256.98924731182797], [145.0913978494624, 291.39784946236557], [278.42473118279565, 296.7741935483871], [276.2741935483871, 258.06451612903226]]]","['cannery', 'ROW', 'DIRECTORY']","['CANNERYROW', '']",4,0.086,0.086,0.97
2,18,0.666666667,0.666666667,0.666666667,0.473684211,0.666666667,0.666666667,0.666666667,"[{'gt': 0, 'det': 0, 'correct': True}, {'gt': 1, 'det': 2, 'correct': True}]","[[0.7339843012921351, 0.0, 0.0007698366392786183], [0.0, 0.0, 0.8282839282329282], [0.0, 0.6046244391971664, 0.0]]","[[150, 110, 184, 97, 226, 99, 240, 74, 196, 67, 137, 87], [232, 99, 253, 105, 276, 116, 286, 96, 264, 78, 240, 72], [149, 280, 149, 282, 273, 285, 275, 263, 152, 261]]","[[[132.1881720430107, 86.02150537634408], [148.3172043010752, 111.8279569892473], [178.42473118279565, 97.84946236559139], [213.9086021505376, 96.77419354838709], [232.1881720430107, 95.69892473118279], [235.41397849462362, 83.87096774193547], [234.3387096774194, 66.66666666666666], [199.93010752688167, 60.21505376344086], [154.76881720430106, 73.11827956989247]], [[147.24193548387098, 256.98924731182797], [148.3172043010752, 288.1720430107527], [277.3494623655914, 292.4731182795699], [278.42473118279565, 255.91397849462368]], [[238.63978494623655, 70.96774193548386], [261.2204301075269, 78.49462365591397], [291.32795698924724, 96.77419354838709], [279.5, 116.12903225806451], [236.48924731182797, 96.77419354838709]]]","['CANNERY', 'ROW', 'DIRECTORY']","['CANNERY', '', 'ROW']",4,0.086,0.086,0.97
3,245,0,0,0,1,0,0,0,[],"[[0.8199825352584339, 0.0, 0.0, 0.0, 0.0, 0.0, 0.0, 0.0, 0.0, 0.0], [0.0, 0.8284088757025155, 0.0, 0.0, 0.0, 0.0, 0.0, 0.0, 0.0, 0.0], [0.0, 0.0, 0.807867564580508, 0.011722915728132678, 0.0, 0.0, 0.0, 0.0, 0.0, 0.0], [0.0, 0.0, 0.0, 0.7825304638722578, 0.0, 0.0, 0.0, 0.0, 0.0, 0.0], [0.0, 0.0, 0.0, 0.0033165573465351816, 0.0, 0.0, 0.0, 0.0, 0.0, 0.0], [0.0, 0.0, 0.0, 0.0, 0.4018793504003014, 0.0, 0.0, 0.0, 0.0, 0.0], [0.0, 0.0, 0.0, 0.0, 0.2354642696629215, 0.0, 0.0, 0.0, 0.0, 0.0], [0.0, 0.0, 0.0, 0.0, 0.0, 0.7563972183558562, 0.0, 0.0, 0.0, 0.0], [0.0, 0.0, 0.0, 0.0, 0.0, 0.0, 0.7709753819848626, 0.003407655710651181, 0.0, 0.0], [0.0, 0.0, 0.0, 0.0, 0.0, 0.0, 0.015686305247713306, 0.7022488549001485, 0.0, 0.0], [0.0, 0.0, 0.0, 0.0, 0.0, 0.0, 0.0, 0.0, 0.08426095716584434, 0.0], [0.0, 0.0, 0.0, 0.0, 0.0, 0.026371204771096144, 0.0, 0.0, 0.0, 0.0], [0.0, 0.0, 0.0, 0.0, 0.0, 0.0, 0.0, 0.0, 0.15258085612366226, 0.0], [0.0, 0.0, 0.0, 0.0, 0.0, 0.0, 0.0, 0.0, 0.1229711058263971, 0.0], [0.0, 0.0, 0.0, 0.0, 0.0, 0.0, 0.0, 0.0, 0.09879988109393575, 0.0]]","[[428, 346, 487, 321, 551, 315, 556, 280, 515, 279, 464, 294, 415, 312], [565, 310, 586, 310, 653, 313, 716, 328, 752, 351, 763, 316, 736, 303, 668, 285, 613, 279, 565, 282], [424, 405, 499, 409, 587, 402, 590, 378, 424, 372], [427, 430, 589, 435, 590, 411, 434, 405], [608, 432, 631, 406, 614, 391, 596, 408], [641, 421, 701, 421, 703, 391, 638, 391], [700, 418, 746, 420, 748, 397, 706, 397], [412, 490, 532, 490, 533, 463, 407, 460], [428, 588, 496, 588, 499, 558, 430, 555], [436, 588, 433, 612, 473, 618, 499, 613, 514, 610, 541, 583, 532, 568, 514, 580, 473, 594], [439, 516, 433, 496, 409, 510, 416, 526], [545, 496, 568, 495, 568, 465, 553, 463], [460, 496, 439, 499, 442, 517, 463, 513, 475, 522, 487, 504], [493, 498, 472, 519, 493, 531, 509, 526], [512, 526, 532, 522, 527, 498, 505, 507]]","[[[414.67532467532476, 320.2597402597403], [430.2597402597403, 347.5324675324676], [486.1038961038961, 328.0519480519481], [545.8441558441559, 317.66233766233773], [556.2337662337662, 276.10389610389615], [451.03896103896113, 295.58441558441564]], [[567.922077922078, 278.70129870129875], [571.8181818181819, 308.5714285714286], [657.5324675324675, 312.4675324675325], [758.8311688311688, 351.4285714285715], [767.922077922078, 317.66233766233773], [662.7272727272727, 277.40259740259745]], [[425.06493506493507, 378.70129870129875], [436.7532467532468, 404.6753246753247], [590.0, 405.974025974026], [587.4025974025974, 376.10389610389615]], [[427.6623376623377, 409.8701298701299], [438.0519480519481, 430.6493506493507], [600.3896103896104, 434.54545454545456], [599.0909090909091, 402.0779220779221]], [[638.0519480519481, 391.6883116883117], [652.3376623376623, 422.8571428571429], [760.1298701298701, 426.7532467532468], [752.3376623376623, 394.28571428571433], [666.6233766233767, 381.29870129870136]], [[406.88311688311694, 460.51948051948057], [406.88311688311694, 489.0909090909091], [556.2337662337662, 494.28571428571433], [549.7402597402598, 467.0129870129871]], [[418.57142857142856, 559.2207792207793], [428.961038961039, 591.6883116883117], [508.18181818181824, 587.7922077922078], [496.4935064935065, 557.922077922078]], [[439.3506493506494, 595.5844155844156], [448.4415584415585, 615.0649350649351], [526.3636363636364, 608.5714285714286], [536.7532467532468, 578.7012987012987]], [[408.18181818181824, 494.28571428571433], [427.6623376623377, 546.2337662337662], [444.5454545454546, 526.7532467532468], [532.8571428571429, 538.4415584415585], [541.948051948052, 491.6883116883117]], [[160.12987012987017, 417.66233766233773], [227.6623376623377, 422.8571428571429], [230.25974025974025, 459.22077922077926], [170.51948051948054, 469.61038961038963]]]","['CAPILANO', 'MEMBERSHIPS', 'UNLIMITED', 'ADMISSION', 'FOR', '365', 'DAYS', 'DISCOUNTS', 'FREE', 'ADMISSION', 'AS', 'A', 'WELL', 'AS', 'ON']","['', '', '', '', '', '', '', '', '', '']",4,0.086,0.086,0.97
4,181,1,1,1,0,1,1,1,"[{'gt': 0, 'det': 0, 'correct': True}, {'gt': 1, 'det': 1, 'correct': True}, {'gt': 2, 'det': 2, 'correct': True}]","[[0.8557902500584623, 0.0, 0.0], [0.0, 0.8475123389008506, 0.0], [0.0, 0.0, 0.9144386566207885]]","[[500, 103, 528, 86, 605, 63, 720, 39, 729, 9, 714, 3, 569, 30, 477, 64], [474, 173, 507, 158, 554, 139, 639, 114, 742, 101, 749, 61, 609, 82, 503, 111, 462, 130], [445, 553, 560, 541, 778, 505, 765, 440, 556, 474, 444, 498]]","[[[476.953781512605, 67.7563025210084], [500.4831932773109, 101.36974789915965], [595.4411764705882, 66.07563025210084], [730.7352941176471, 41.70588235294118], [730.7352941176471, 5.571428571428569], [618.970588235294, 20.69747899159664], [507.20588235294116, 42.54621848739496]], [[461.8277310924369, 135.8235294117647], [478.63445378151255, 174.47899159663865], [540.8193277310924, 146.74789915966386], [604.6848739495798, 126.57983193277312], [747.5420168067227, 107.25210084033614], [749.2226890756302, 61.87394957983194], [645.8613445378151, 74.47899159663865], [524.0126050420167, 101.36974789915965]], [[440.8193277310924, 494.64705882352945], [440.8193277310924, 553.0], [781.9957983193277, 508.0924369747899], [767.7100840336134, 443.38655462184875]]]","['WELCOME', 'BIENVENUE', 'PARLIAMENT']","['WELCOME', 'BIENVENUE', 'PARLIAMENT']",4,0.086,0.086,0.97
5,24,0.666666667,0.25,0.363636364,0.861111111,0.666666667,0.25,0.363636364,"[{'gt': 3, 'det': 0, 'correct': True}, {'gt': 6, 'det': 1, 'correct': True}]","[[0.0, 0.0, 0.0], [0.0, 0.0, 0.0], [0.0, 0.0, 0.0], [0.7310815316650175, 0.0, 0.0], [0.0, 0.0, 0.0], [0.0, 0.0, 0.0], [0.0, 0.8636245234103773, 0.0], [0.0, 0.0, 0.4938698066011005]]","[[21, 578, 75, 579, 76, 552, 21, 551], [204, 297, 228, 269, 255, 269, 256, 250, 214, 253, 186, 286], [253, 271, 274, 278, 287, 292, 297, 287, 284, 263, 261, 249], [216, 322, 273, 322, 273, 290, 211, 292], [206, 356, 224, 367, 247, 366, 246, 352, 230, 356, 213, 343], [250, 370, 267, 367, 281, 357, 274, 340, 264, 350, 250, 352], [399, 378, 565, 380, 567, 253, 389, 258], [469, 585, 565, 586, 565, 556, 467, 556]]","[[[212.95205479452056, 327.28767123287673], [280.07534246575347, 325.91780821917814], [273.2260273972603, 286.19178082191786], [211.58219178082197, 288.9315068493151]], [[386.92465753424665, 247.8356164383562], [392.4041095890411, 386.19178082191786], [566.0, 384.95181017612526], [566.0, 245.09589041095893]], [[462.2671232876712, 546.4657534246575], [467.7465753424658, 599.8904109589041], [549.9383561643837, 595.7808219178082], [544.4589041095891, 547.8356164383562]]]","['APM', 'AUTHENTIC', 'BAKERY', 'TLJ', 'SINCE', '1997', 'TO', 'TOUS']","['TLJ', 'TO', 'TOU']",4,0.086,0.086,0.97
1,99,0.5,0.5,0.5,0.384615385,1,1,1,"[{'gt': 0, 'det': 0, 'correct': True}, {'gt': 1, 'det': 2, 'correct': False}]","[[0.8133476169684702, 0.026849209536950445, 0.0], [0.0, 0.0, 0.5974927600293732], [0.001107515602210796, 0.7085709972219445, 0.012202384195901769]]","[[35, 40, 96, 34, 157, 49, 162, 30, 95, 10, 31, 19], [86, 54, 114, 54, 114, 45, 85, 44], [63, 47, 97, 43, 133, 51, 135, 43, 97, 33, 57, 37]]","[[[28.629032258064512, 17.473118279569892], [36.69354838709677, 38.70967741935484], [65.7258064516129, 33.333333333333336], [103.36021505376343, 33.87096774193549], [143.14516129032256, 43.27956989247312], [154.43548387096774, 49.73118279569893], [159.54301075268816, 48.38709677419355], [158.19892473118279, 26.0752688172043], [129.7043010752688, 17.741935483870964], [99.86559139784947, 13.709677419354838], [74.86559139784947, 11.29032258064516], [42.876344086021504, 12.903225806451612]], [[60.34946236559139, 37.09677419354839], [61.96236559139784, 44.086021505376344], [104.97311827956989, 41.935483870967744], [138.30645161290323, 50.53763440860215], [137.5, 42.204301075268816], [97.98387096774192, 33.064516129032256]], [[83.19892473118279, 44.354838709677416], [86.96236559139786, 50.53763440860215], [115.99462365591398, 51.075268817204304], [115.99462365591398, 45.16129032258065]]]","['ISTANBUL', 'HOUSE', '###']","['ISTANBUL', '', '']",5,0.048,0.048,1.27
2,95,0.75,0.75,0.75,0.239130435,0.75,0.75,0.75,"[{'gt': 0, 'det': 0, 'correct': True}, {'gt': 1, 'det': 1, 'correct': True}, {'gt': 4, 'det': 2, 'correct': True}, {'gt': 5, 'det': 3, 'correct': True}, {'gt': 6, 'det': 4, 'correct': True}, {'gt': 7, 'det': 5, 'correct': True}]","[[0.7662708775356061, 0.0, 0.0, 0.0, 0.0, 0.0, 0.0, 0.0], [0.0, 0.6742348026214909, 0.0, 0.0, 0.0, 0.0, 0.0, 0.0], [0.0, 0.0, 0.0, 0.0, 0.0, 0.0, 0.0, 0.5365897904989537], [0.0, 0.0, 0.0, 0.000553269095922171, 0.0, 0.0, 0.6104987039948492, 0.0], [0.0, 0.0, 0.8174287266691747, 0.0, 0.0, 0.0, 0.0, 0.0], [0.0, 0.0, 0.0, 0.8618771774945735, 0.0, 0.0, 0.0038956985169914956, 0.00010557321744994926], [0.0, 0.0, 0.0, 0.0, 0.7236733729237278, 0.0, 0.01287225475024728, 0.0], [0.0, 0.0, 0.0, 0.0, 0.0, 0.7896842335179544, 0.0, 0.0]]","[[226, 131, 288, 128, 345, 132, 341, 108, 281, 101, 223, 102], [358, 136, 415, 151, 472, 175, 478, 156, 426, 131, 359, 111], [213, 179, 269, 166, 334, 167, 334, 146, 275, 142, 197, 152], [360, 173, 431, 190, 494, 223, 497, 200, 439, 174, 359, 150], [124, 248, 184, 225, 247, 213, 236, 178, 177, 189, 108, 215], [260, 212, 325, 204, 389, 214, 391, 185, 323, 172, 253, 175], [424, 221, 481, 249, 539, 289, 546, 265, 504, 229, 426, 193], [307, 246, 357, 246, 413, 257, 418, 237, 367, 212, 304, 213]]","[[[216.06060606060606, 98.33333333333337], [218.4848484848485, 130.45454545454547], [314.8484848484849, 131.66666666666669], [345.75757575757575, 137.12121212121212], [340.90909090909093, 99.54545454545458], [236.06060606060606, 98.93939393939397]], [[356.06060606060606, 115.30303030303034], [353.6363636363636, 138.93939393939397], [470.00000000000006, 174.69696969696972], [473.03030303030306, 149.24242424242425]], [[110.60606060606062, 213.4848484848485], [128.7878787878788, 251.66666666666669], [240.90909090909093, 209.84848484848484], [231.8181818181818, 177.72727272727275], [104.54545454545459, 212.87878787878788]], [[254.84848484848487, 174.69696969696972], [256.6666666666667, 211.66666666666669], [325.75757575757575, 201.96969696969697], [399.6969696969697, 218.93939393939394], [389.3939393939394, 178.93939393939394], [289.39393939393943, 169.84848484848487]], [[425.1515151515151, 198.33333333333334], [417.8787878787879, 230.45454545454547], [473.6363636363637, 250.45454545454547], [539.090909090909, 294.0909090909091], [542.121212121212, 261.969696969697], [466.96969696969694, 209.84848484848484]], [[300.90909090909093, 220.15151515151516], [303.33333333333337, 240.15151515151516], [411.8181818181818, 260.1515151515152], [411.8181818181818, 221.96969696969697], [332.42424242424244, 207.42424242424244]], [[356.6666666666667, 152.27272727272728], [356.6666666666667, 177.72727272727275], [463.93939393939394, 208.63636363636365], [517.8787878787878, 239.54545454545456], [513.6363636363636, 208.03030303030303], [459.6969696969697, 178.33333333333334], [385.75757575757575, 154.0909090909091]], [[160.30303030303034, 163.1818181818182], [171.21212121212125, 189.84848484848487], [231.8181818181818, 172.27272727272728], [333.03030303030306, 172.27272727272728], [332.42424242424244, 137.12121212121212], [216.66666666666669, 139.54545454545456]]]","['SANTA', 'MONICA', 'YACHT', 'HARBOR', 'SPORT', 'FISHING', 'BOATING', 'CAFES']","['SANTA', 'MONICA', 'SPORT', 'FISHING', 'BOATING', 'CAFES', '', 'CHY']",5,0.048,0.048,1.27
3,277,0.428571,0.5,0.461538,0.444444,0.428571,0.5,0.461538,"[{'gt': 3, 'det': 0, 'correct': True}, {'gt': 4, 'det': 1, 'correct': True}, {'gt': 5, 'det': 2, 'correct': True}]","[[0.0, 0.0, 0.0, 0.6127933387666606, 0.0, 0.0, 0.0], [0.0, 0.0, 0.0, 0.0, 0.8300789701433493, 0.0, 0.0], [0.0, 0.0, 0.0, 0.0, 0.0, 0.8172588023097809, 0.0], [0.8150246568560976, 0.00149420920926626, 0.0, 0.0, 0.0, 0.0, 0.0], [0.0010909912176079448, 0.8959095052787294, 0.006446768908165256, 0.0, 0.0, 0.0, 0.0], [0.0, 3.001487019019718e-05, 0.8665582694120125, 0.0, 0.0, 0.0, 0.0], [0.0, 0.0, 0.0, 0.0, 0.0, 0.0, 0.69777816443353], [0.0, 0.0, 0.0, 0.0, 0.0, 0.0, 0.0], [0.0, 0.0, 0.0, 0.0, 0.0, 0.0, 0.0], [0.0, 0.0, 0.0, 0.0, 0.0, 0.0, 0.0]]","[[172, 409, 204, 361, 256, 319, 234, 278, 177, 323, 142, 380], [270, 308, 327, 289, 396, 295, 399, 247, 316, 253, 250, 277], [403, 292, 465, 305, 516, 334, 532, 298, 474, 266, 411, 251], [148, 569, 367, 476, 651, 461, 630, 350, 303, 386, 120, 466], [288, 611, 387, 578, 511, 562, 496, 479, 360, 485, 271, 514], [259, 739, 426, 661, 624, 632, 619, 566, 403, 577, 210, 641], [633, 277, 768, 242, 768, 193, 633, 220], [684, 328, 772, 305, 769, 268, 676, 289], [534, 769, 604, 731, 652, 655, 618, 647, 564, 713, 514, 745], [7, 481, 60, 475, 58, 437, 6, 442]]","[[[117.46478873239431, 466.4788732394366], [162.5352112676057, 558.0281690140846], [252.67605633802822, 512.9577464788733], [473.80281690140845, 462.2535211267605], [668.1690140845069, 465.07042253521126], [601.9718309859154, 349.57746478873236], [385.0704225352113, 352.3943661971831], [168.16901408450707, 421.40845070422534]], [[261.1267605633803, 518.5915492957747], [296.3380281690141, 612.9577464788733], [366.76056338028167, 581.9718309859155], [497.7464788732395, 560.8450704225353], [493.5211267605634, 479.15492957746477], [397.7464788732395, 493.2394366197183], [352.6760563380282, 481.97183098591546]], [[234.36619718309856, 641.1267605633803], [234.36619718309856, 693.2394366197184], [262.5352112676057, 722.8169014084508], [434.36619718309856, 660.8450704225353], [627.3239436619717, 635.492957746479], [610.4225352112676, 563.661971830986], [448.4507042253521, 572.112676056338], [424.5070422535211, 555.2112676056338], [400.5633802816902, 583.3802816901409], [341.40845070422534, 604.5070422535211]], [[139.99999999999994, 389.01408450704224], [166.76056338028167, 386.19718309859155], [210.42253521126764, 339.7183098591549], [258.3098591549296, 318.5915492957746], [240.00000000000006, 280.5633802816901], [155.4929577464789, 355.2112676056338]], [[266.76056338028167, 267.88732394366195], [266.76056338028167, 305.91549295774644], [325.9154929577465, 287.6056338028169], [392.112676056338, 290.4225352112676], [401.97183098591546, 252.39436619718307], [341.40845070422534, 250.98591549295773]], [[410.42253521126764, 252.39436619718307], [409.01408450704224, 289.01408450704224], [465.3521126760564, 298.8732394366197], [514.6478873239437, 336.9014084507042], [534.3661971830986, 300.28169014084506], [523.0985915492959, 283.3802816901408], [478.02816901408454, 265.07042253521126]], [[632.9577464788731, 227.04225352112675], [635.7746478873239, 279.15492957746477], [776.6197183098591, 256.61971830985914], [779.0, 223.29577464788656], [721.6901408450703, 203.09859154929578]]]","['###', 'BISKUT', 'BERAS', 'ORIGINAL', 'RICE', 'CRACKERS', 'TENTE', '###', '###', '###']","['ORIGINAL', 'RICE', 'CRACKERS', '', '', '', '']",5,0.048,0.048,1.27
4,205,1,1,1,0,1,1,1,"[{'gt': 0, 'det': 0, 'correct': True}, {'gt': 1, 'det': 1, 'correct': True}, {'gt': 2, 'det': 2, 'correct': True}, {'gt': 3, 'det': 3, 'correct': True}]","[[0.7992733042281952, 0.0, 0.0, 0.0], [0.0, 0.8463128940282728, 0.0, 0.0], [0.0, 0.0, 0.8247453475588987, 0.0], [0.0, 0.0, 0.0, 0.8852113809310259]]","[[82, 104, 93, 88, 113, 65, 152, 44, 147, 20, 107, 33, 73, 53, 51, 92], [166, 42, 195, 43, 231, 56, 266, 82, 286, 111, 313, 106, 307, 87, 279, 46, 214, 16, 167, 15], [126, 144, 152, 138, 187, 137, 223, 145, 228, 127, 173, 116, 129, 120], [92, 258, 119, 276, 172, 283, 212, 279, 255, 258, 225, 234, 215, 242, 172, 247, 147, 249, 105, 232]]","[[[52.49193548387097, 91.12903225806451], [77.89516129032259, 99.59677419354838], [120.23387096774195, 58.46774193548387], [156.1209677419355, 45.96774193548387], [146.4435483870968, 18.548387096774196], [86.36290322580646, 48.79032258064516]], [[165.7983870967742, 18.951612903225808], [165.7983870967742, 41.53225806451613], [212.1693548387097, 47.177419354838705], [249.6693548387097, 62.096774193548384], [282.73387096774195, 102.41935483870968], [315.39516129032256, 101.20967741935483], [291.2016129032258, 56.854838709677416], [247.25, 25.403225806451616], [197.65322580645164, 12.903225806451614]], [[127.89516129032259, 125.40322580645162], [129.50806451612905, 141.53225806451613], [157.73387096774195, 137.90322580645162], [188.78225806451613, 135.08064516129033], [217.81451612903226, 142.74193548387098], [228.7016129032258, 125.0], [183.13709677419357, 115.3225806451613], [149.26612903225808, 116.93548387096774]], [[103.2983870967742, 233.8709677419355], [91.20161290322582, 245.96774193548387], [96.44354838709677, 265.32258064516134], [170.23387096774195, 286.2903225806452], [232.3306451612903, 273.7903225806452], [249.26612903225805, 255.6451612903226], [227.49193548387098, 235.08064516129033], [183.9435483870968, 250.40322580645162], [139.99193548387098, 244.75806451612902]]]","['TEXAS', 'EMBASSY', 'LONDON', 'CANTINA']","['TEXAS', 'EMBASSY', 'LONDON', 'CANTINA']",5,0.048,0.048,1.27
4,299,0.333333333,0.285714286,0.307692308,0.714285714,0.333333333,0.285714286,0.307692308,"[{'gt': 0, 'det': 0, 'correct': True}, {'gt': 2, 'det': 1, 'correct': True}]","[[0.7618012986451884, 0.0, 0.0, 0.0, 0.0, 0.0], [0.019244623228215924, 0.0, 0.0, 0.0, 0.0, 0.0], [0.0, 0.5243793522267203, 0.0, 0.0, 0.0, 0.0], [0.0, 0.0, 0.0, 0.0, 0.0, 0.7848668768730853], [0.0, 0.0, 0.0, 0.0, 0.840599544110151, 0.0], [0.0, 0.0, 0.0, 0.7015096300606745, 0.0, 0.0], [0.0, 0.0, 0.803852986284089, 0.000741612907802224, 0.0, 0.0]]","[[234, 664, 483, 589, 730, 655, 753, 513, 483, 466, 207, 496], [402, 649, 477, 640, 568, 649, 582, 595, 492, 589, 405, 604], [435, 694, 558, 693, 562, 666, 423, 666], [258, 753, 313, 784, 384, 810, 393, 763, 339, 745, 279, 709], [213, 793, 301, 847, 400, 873, 412, 816, 318, 793, 241, 759], [583, 801, 651, 774, 718, 744, 688, 708, 637, 742, 592, 757], [573, 873, 682, 843, 765, 795, 744, 744, 648, 790, 555, 820]]","[[[262.46753246753246, 486.4935064935065], [248.18181818181824, 622.8571428571429], [296.23376623376623, 661.8181818181819], [400.12987012987014, 600.7792207792209], [581.948051948052, 602.0779220779222], [735.1948051948052, 655.3246753246754], [728.7012987012987, 492.98701298701303], [641.6883116883117, 490.3896103896104], [601.4285714285714, 503.3766233766234], [368.961038961039, 492.98701298701303], [314.4155844155845, 478.70129870129875]], [[406.62337662337666, 655.3246753246754], [410.51948051948057, 702.0779220779222], [566.3636363636364, 694.2857142857143], [566.3636363636364, 654.025974025974]], [[546.8831168831169, 834.5454545454546], [575.4545454545455, 876.1038961038961], [740.3896103896103, 813.7662337662338], [778.051948051948, 761.8181818181819], [746.8831168831169, 733.2467532467533], [633.8961038961039, 792.987012987013]], [[589.7402597402597, 754.025974025974], [589.7402597402597, 811.1688311688312], [720.909090909091, 742.3376623376623], [700.1298701298701, 700.7792207792209], [602.7272727272727, 744.9350649350649]], [[236.49350649350652, 755.3246753246754], [211.81818181818187, 791.6883116883117], [306.62337662337666, 843.6363636363636], [406.62337662337666, 872.2077922077923], [407.92207792207796, 813.7662337662338], [314.4155844155845, 800.7792207792209]], [[275.4545454545455, 705.9740259740261], [257.27272727272737, 737.1428571428572], [310.51948051948057, 787.7922077922078], [398.83116883116884, 812.4675324675325], [393.6363636363636, 756.6233766233767], [330.0, 734.5454545454546]]]","['STMARTIN', 'BKK', '1999', 'TATTOO', 'KHAOSAN', 'STUDIO', 'THAILAND']","['STMARTIN', '1999', '', '', '', '']",5,0.048,0.048,1.27
5,264,1,1,1,0,1,1,1,"[{'gt': 0, 'det': 0, 'correct': True}, {'gt': 1, 'det': 1, 'correct': True}]","[[0.8188517294700746, 0.0], [0.0, 0.9014795356882603]]","[[139, 163, 217, 110, 309, 123, 324, 82, 208, 77, 131, 135], [157, 191, 296, 159, 286, 128, 154, 160]]","[[[136.0215053763441, 162.7491039426523], [170.7885304659498, 139.0931899641577], [206.63082437275986, 114.72043010752688], [276.16487455197137, 113.64516129032258], [317.741935483871, 125.831541218638], [324.19354838709677, 85.32974910394265], [250.3584229390681, 72.06810035842294], [192.29390681003585, 85.68817204301075], [123.83512544802866, 134.4336917562724]], [[156.0931899641577, 156.29749103942652], [294.8028673835126, 127.26523297491039], [294.44444444444446, 161.31541218637992], [152.8673835125448, 189.98924731182794]]]","['ANTIQUE', 'HOSTEL']","['ANTIQUE', 'HOSTEL']",5,0.048,0.048,1.27
1,95,0,0,0,1,0,0,0,[],"[[0.0], [0.0], [0.0], [0.0], [0.0], [0.0], [0.0], [0.0]]","[[226, 131, 288, 128, 345, 132, 341, 108, 281, 101, 223, 102], [358, 136, 415, 151, 472, 175, 478, 156, 426, 131, 359, 111], [213, 179, 269, 166, 334, 167, 334, 146, 275, 142, 197, 152], [360, 173, 431, 190, 494, 223, 497, 200, 439, 174, 359, 150], [124, 248, 184, 225, 247, 213, 236, 178, 177, 189, 108, 215], [260, 212, 325, 204, 389, 214, 391, 185, 323, 172, 253, 175], [424, 221, 481, 249, 539, 289, 546, 265, 504, 229, 426, 193], [307, 246, 357, 246, 413, 257, 418, 237, 367, 212, 304, 213]]",[[]],"['SANTA', 'MONICA', 'YACHT', 'HARBOR', 'SPORT', 'FISHING', 'BOATING', 'cafes']",[''],6,0.027,0.027,1.57
2,2,0,0,0,1,0,0,0,[],"[[0.0, 0.0, 0.5544661992338772, 0.0], [0.0, 0.0, 0.0, 0.6968527194471494]]","[[16, 548, 168, 535, 364, 550, 357, 503, 166, 486, 12, 507], [424, 555, 503, 568, 576, 593, 576, 553, 518, 532, 427, 512]]","[[[21.895833333333314, 423.5833333333333], [311.47916666666663, 448.5833333333333], [354.1875, 328.7916666666667], [232.3125, 298.5833333333333], [218.77083333333331, 324.625], [204.1875, 303.7916666666667], [64.60416666666664, 297.5416666666667], [10.437499999999986, 300.6666666666667]], [[356.2708333333333, 327.75], [353.1458333333333, 449.625], [744.8125, 524.6250000000001], [732.3125, 407.9583333333333]], [[112.52083333333333, 487.125], [137.52083333333331, 550.6666666666667], [381.2708333333333, 551.7083333333334], [353.1458333333333, 487.125]], [[428.14583333333337, 510.0416666666667], [428.14583333333337, 569.4166666666667], [525.0208333333334, 574.6250000000001], [587.5208333333334, 600.6666666666667], [585.4375, 545.4583333333334], [490.64583333333337, 516.2916666666667]]]","['GEMBIRA', 'LOKA']","['', '', '', '']",6,0.027,0.027,1.57
3,61,0,0,0,1,0,0,0,[],"[[0.0], [0.0], [0.0]]","[[117, 96, 158, 72, 200, 70, 236, 86, 240, 68, 208, 50, 159, 51, 118, 77], [178, 121, 189, 121, 189, 105, 175, 105], [151, 154, 212, 146, 212, 129, 151, 136]]",[[]],"['MONTEREY', '2', 'FIRE']",[''],6,0.027,0.027,1.57
4,184,0,0,0,1,0,0,0,[],"[[0.7511890575606469, 0.0], [0.0, 0.0], [0.0, 0.7862107029018786], [0.0, 0.0], [0.0, 0.0]]","[[165, 138, 294, 108, 300, 65, 159, 97], [316, 109, 376, 104, 386, 56, 317, 63], [398, 98, 473, 97, 550, 103, 648, 120, 717, 135, 722, 95, 679, 80, 494, 53, 403, 57], [148, 196, 230, 191, 230, 165, 164, 163], [629, 189, 716, 195, 721, 164, 637, 164]]","[[[153.83720930232562, 99.53488372093022], [153.83720930232562, 125.11627906976744], [303.44961240310084, 106.51162790697674], [297.24806201550393, 66.97674418604652]], [[400.34883720930236, 65.42635658914728], [405.77519379844966, 95.65891472868216], [567.015503875969, 94.88372093023256], [725.9302325581396, 131.31782945736435], [723.6046511627907, 80.93023255813952], [564.6899224806201, 61.55038759689921], [436.00775193798455, 50.69767441860466]]]","['PORT', 'OF', 'NEWCASTLE', 'EST', '1838']","['', '']",6,0.027,0.027,1.57
5,2,0,0,0,1,0,0,0,[],"[[0.0, 0.0, 0.3615474647670594, 0.0], [0.0, 0.0, 0.0, 0.5310338064326899]]","[[16, 548, 168, 535, 364, 550, 357, 503, 166, 486, 12, 507], [424, 555, 503, 568, 576, 593, 576, 553, 518, 532, 427, 512]]","[[[5.229166666666643, 419.4166666666667], [323.97916666666663, 452.75], [339.60416666666663, 330.875], [-5.684341886080802e-14, 279.2634245187437], [0.0, 376.7083333333333]], [[350.0208333333333, 324.625], [355.22916666666663, 447.5416666666667], [641.6875, 510.0416666666667], [720.8541666666666, 529.8333333333334], [731.2708333333334, 396.5]], [[201.0625, 488.1666666666667], [377.10416666666663, 492.3333333333333], [368.7708333333333, 564.2083333333334], [198.97916666666663, 560.0416666666667]], [[409.39583333333337, 565.2500000000001], [582.3125, 592.3333333333334], [586.4791666666666, 526.7083333333334], [411.47916666666663, 498.5833333333333]]]","['GEMBIRA', 'LOKA']","['', '', '', '']",6,0.027,0.027,1.57
5,245,0,0,0,1,0,0,0,[],"[[0.14912356507158514, 0.0, 0.0, 0.0], [0.18781921836708365, 0.0, 0.0, 0.0], [0.0, 0.1920103378875502, 0.0, 0.0], [0.0, 0.18169403919114485, 0.0, 0.0], [0.0, 0.03299944068525834, 0.0, 0.0], [0.0, 0.08696268627527673, 0.0, 0.0], [0.0, 0.045081456565103456, 0.0, 0.0], [0.0, 0.0, 0.2911982303599021, 0.0], [0.0, 0.0, 0.0, 0.20748810142648985], [0.0, 0.0, 0.0, 0.2518891807539655], [0.0, 0.0, 0.041908553356536045, 0.0], [0.0, 0.0, 0.047837895621242986, 0.0], [0.0, 0.0, 0.06340840745446844, 0.0], [0.0, 0.0, 0.05110340957221515, 0.0], [0.0, 0.0, 0.04105851334180431, 0.0]]","[[428, 346, 487, 321, 551, 315, 556, 280, 515, 279, 464, 294, 415, 312], [565, 310, 586, 310, 653, 313, 716, 328, 752, 351, 763, 316, 736, 303, 668, 285, 613, 279, 565, 282], [424, 405, 499, 409, 587, 402, 590, 378, 424, 372], [427, 430, 589, 435, 590, 411, 434, 405], [608, 432, 631, 406, 614, 391, 596, 408], [641, 421, 701, 421, 703, 391, 638, 391], [700, 418, 746, 420, 748, 397, 706, 397], [412, 490, 532, 490, 533, 463, 407, 460], [428, 588, 496, 588, 499, 558, 430, 555], [436, 588, 433, 612, 473, 618, 499, 613, 514, 610, 541, 583, 532, 568, 514, 580, 473, 594], [439, 516, 433, 496, 409, 510, 416, 526], [545, 496, 568, 495, 568, 465, 553, 463], [460, 496, 439, 499, 442, 517, 463, 513, 475, 522, 487, 504], [493, 498, 472, 519, 493, 531, 509, 526], [512, 526, 532, 522, 527, 498, 505, 507]]","[[[412.07792207792215, 374.80519480519484], [561.4285714285714, 330.6493506493507], [783.5064935064935, 381.29870129870136], [797.7922077922078, 299.48051948051955], [596.4935064935065, 255.32467532467533], [387.4025974025974, 289.0909090909091], [397.7922077922078, 378.70129870129875]], [[414.67532467532476, 380.00000000000006], [767.922077922078, 380.00000000000006], [766.6233766233767, 447.5324675324676], [406.88311688311694, 433.2467532467533]], [[409.48051948051955, 456.62337662337666], [409.48051948051955, 535.8441558441559], [561.4285714285714, 534.5454545454546], [569.2207792207793, 460.51948051948057]], [[404.28571428571433, 547.5324675324675], [401.6883116883117, 635.8441558441559], [523.7662337662338, 634.5454545454546], [541.948051948052, 564.4155844155845]]]","['CAPILANO', 'MEMBERSHIPS', 'UNLIMITED', 'ADMISSION', 'FOR', '365', 'DAYS', 'DISCOUNTS', 'FREE', 'ADMISSION', 'AS', 'A', 'WELL', 'AS', 'ON']","['', '', '', '']",6,0.027,0.027,1.57
1,210,1,1,1,0,1,1,1,"[{'gt': 0, 'det': 0, 'correct': True}, {'gt': 1, 'det': 1, 'correct': True}, {'gt': 2, 'det': 2, 'correct': True}, {'gt': 3, 'det': 3, 'correct': True}]","[[0.7469797661424585, 0.012880730398096943, 0.0, 0.0], [0.00028477394171916727, 0.7670992891905778, 0.02640961114949836, 0.0], [0.0, 0.05274840775135775, 0.8080109431084174, 0.0], [0.0, 0.0, 0.0, 0.8261943361360474]]","[[214, 196, 265, 220, 275, 203, 219, 172], [170, 199, 316, 272, 321, 251, 171, 165], [145, 200, 134, 225, 148, 284, 173, 302, 221, 289, 355, 330, 350, 274, 262, 254, 227, 211], [198, 355, 221, 348, 235, 350, 258, 356, 278, 370, 283, 334, 253, 324, 219, 320, 189, 332]]","[[[221.2183098591549, 175.7887323943662], [216.28873239436618, 191.2816901408451], [268.40140845070425, 219.45070422535213], [272.62676056338034, 201.14084507042256]], [[166.99295774647888, 172.97183098591552], [169.10563380281693, 202.5492957746479], [319.80985915492954, 275.7887323943662], [319.1056338028169, 243.39436619718313]], [[133.89436619718307, 197.61971830985917], [135.30281690140848, 255.36619718309862], [169.80985915492957, 305.3661971830986], [247.27464788732394, 299.02816901408454], [333.8943661971831, 334.94366197183103], [351.5, 308.887323943662], [339.5281690140845, 266.63380281690144], [279.669014084507, 253.25352112676057], [239.5281690140845, 240.5774647887324], [227.556338028169, 207.47887323943664], [200.79577464788733, 221.56338028169017], [185.30281690140848, 220.1549295774648], [162.06338028169014, 192.69014084507043]], [[186.00704225352112, 332.830985915493], [196.5704225352113, 356.77464788732397], [224.7394366197183, 349.7323943661972], [253.61267605633802, 353.2535211267606], [278.96478873239437, 370.1549295774648], [279.669014084507, 332.830985915493], [233.19014084507043, 325.08450704225356], [202.20422535211267, 327.19718309859155], [193.0492957746479, 327.90140845070425]]]","['The', 'Washington', 'Glass', 'SCHOOL']","['THE', 'WASHINGTON', 'GLASS', 'SCHOOL']",7,0.25,1,0.36
2,114,1,1,1,0,1,1,1,"[{'gt': 0, 'det': 0, 'correct': True}, {'gt': 1, 'det': 1, 'correct': True}]","[[0.8927110177650525, 0.0], [0.0, 0.8674063030809919]]","[[112, 260, 147, 247, 232, 232, 344, 230, 437, 232, 531, 265, 568, 211, 510, 185, 424, 167, 379, 169, 281, 166, 188, 175, 97, 203], [212, 291, 422, 291, 424, 267, 210, 266]]","[[[97.0967741935484, 205.16129032258064], [119.03225806451611, 260.6451612903226], [268.06451612903226, 229.0322580645161], [443.54838709677415, 230.32258064516128], [538.3870967741935, 259.35483870967744], [557.741935483871, 194.19354838709677], [385.4838709677419, 167.74193548387095], [240.32258064516128, 169.03225806451613], [131.29032258064518, 186.4516129032258]], [[205.4838709677419, 269.6774193548387], [211.93548387096774, 290.3225806451613], [423.54838709677415, 294.19354838709677], [418.38709677419354, 266.4516129032258]]]","['DALEWOOD', 'TOWNHOMES']","['DALEWOOD', 'TOWNHOMES']",7,0.25,1,0.36
2,166,1,1,1,0,1,1,1,"[{'gt': 0, 'det': 0, 'correct': True}, {'gt': 1, 'det': 1, 'correct': True}, {'gt': 2, 'det': 2, 'correct': True}, {'gt': 3, 'det': 3, 'correct': True}]","[[0.7281278054068288, 0.0, 0.0, 0.0], [0.0, 0.719389681129524, 0.0, 0.0], [0.0, 0.0, 0.7779714637667986, 0.0], [0.0, 0.0, 0.0, 0.664008997526352]]","[[45, 141, 97, 121, 91, 93, 37, 119], [108, 113, 136, 113, 203, 122, 209, 99, 195, 78, 114, 77], [56, 153, 181, 140, 182, 125, 56, 138], [110, 175, 129, 176, 132, 163, 111, 166]]","[[[38.54838709677419, 120.64516129032258], [43.70967741935485, 136.7741935483871], [94.6774193548387, 118.06451612903226], [89.19354838709678, 96.12903225806451]], [[113.38709677419355, 82.58064516129032], [110.16129032258065, 115.16129032258064], [155.0, 110.96774193548386], [202.09677419354836, 123.54838709677418], [205.32258064516128, 98.06451612903226], [199.51612903225805, 90.96774193548386], [195.32258064516128, 77.41935483870967], [185.96774193548384, 79.35483870967741], [181.4516129032258, 89.99999999999999], [127.25806451612904, 89.03225806451613], [122.74193548387096, 75.80645161290322], [113.38709677419355, 78.38709677419354]], [[57.25806451612904, 139.67741935483872], [58.22580645161291, 150.6451612903226], [181.77419354838707, 142.58064516129033], [178.8709677419355, 127.41935483870967]], [[111.12903225806453, 164.51612903225808], [112.0967741935484, 173.5483870967742], [130.80645161290323, 172.58064516129033], [130.16129032258067, 164.83870967741936]]]","['SUN', 'FRESH', 'MARKET', '4001']","['SUN', 'FRESH', 'MARKET', '4001']",7,0.25,1,0.36
3,264,1,1,1,0,1,1,1,"[{'gt': 0, 'det': 0, 'correct': True}, {'gt': 1, 'det': 1, 'correct': True}]","[[0.786104838868433, 0.0], [0.0, 0.9119722102728085]]","[[139, 163, 217, 110, 309, 123, 324, 82, 208, 77, 131, 135], [157, 191, 296, 159, 286, 128, 154, 160]]","[[[133.15412186379928, 134.4336917562724], [139.6057347670251, 162.7491039426523], [185.12544802867382, 123.32258064516128], [229.56989247311827, 106.83512544802868], [278.31541218637994, 110.41935483870968], [310.57347670250897, 123.32258064516128], [323.4767025089606, 93.93189964157706], [272.93906810035844, 74.57706093189964], [221.32616487455198, 78.51971326164875], [176.52329749103941, 96.79928315412187], [146.7741935483871, 120.45519713261649]], [[155.7347670250896, 161.31541218637992], [156.4516129032258, 188.91397849462365], [296.95340501792117, 157.7311827956989], [296.23655913978496, 144.8279569892473], [282.61648745519716, 128.69892473118279], [158.9605734767025, 157.7311827956989]]]","['ANTIQUE', 'HOSTEL']","['ANTIQUE', 'HOSTEL']",7,0.25,1,0.36
4,117,1,1,1,0,1,1,1,"[{'gt': 0, 'det': 0, 'correct': True}, {'gt': 1, 'det': 1, 'correct': True}, {'gt': 2, 'det': 2, 'correct': True}, {'gt': 3, 'det': 3, 'correct': True}]","[[0.8983961381910185, 0.0, 0.0, 0.0], [0.0, 0.944155751422482, 0.0, 0.0], [0.0, 0.0, 0.8627811398139562, 0.0], [0.0, 0.0, 0.0, 0.8260351788497736]]","[[335, 433, 365, 374, 471, 298, 607, 276, 760, 339, 824, 433, 839, 338, 764, 234, 618, 184, 484, 187, 362, 244, 291, 351], [483, 427, 690, 427, 690, 353, 479, 355], [398, 541, 535, 537, 534, 480, 400, 485], [545, 481, 551, 538, 768, 525, 765, 473, 577, 482]]","[[[290.7128712871287, 378.37128712871294], [339.2277227722773, 438.7673267326733], [378.8316831683169, 355.59900990099015], [504.57425742574264, 286.29207920792084], [650.1188118811882, 285.30198019801986], [754.0792079207921, 335.79702970297035], [819.4257425742575, 431.8366336633664], [844.1782178217823, 328.8663366336634], [773.8811881188119, 245.69801980198022], [655.0693069306931, 187.2821782178218], [453.0891089108911, 181.34158415841586], [331.30693069306926, 274.41089108910893]], [[485.7623762376238, 354.6089108910891], [480.81188118811883, 395.20297029702976], [500.61386138613864, 428.8663366336634], [695.6633663366337, 423.91584158415844], [689.7227722772277, 353.61881188118815]], [[420.41584158415844, 478.37128712871294], [397.6435643564356, 495.20297029702976], [398.6336633663367, 531.8366336633663], [419.42574257425747, 544.7079207920792], [541.2079207920792, 540.7475247524753], [531.3069306930694, 479.3613861386139]], [[545.1683168316832, 485.30198019801986], [545.1683168316832, 542.7277227722773], [774.8712871287129, 531.8366336633663], [771.90099009901, 475.40099009900996]]]","['KHATULISTIWA', 'CAFE', 'OPEN', '24-HOURS']","['KHATULISTIWA', 'CAFE', 'OPEN', '24-HOURS']",7,0.25,1,0.36
5,166,0.8,1,0.888888889,0,0.8,1,0.888888889,"[{'gt': 0, 'det': 3, 'correct': True}, {'gt': 1, 'det': 4, 'correct': True}, {'gt': 2, 'det': 2, 'correct': True}, {'gt': 3, 'det': 1, 'correct': True}]","[[0.0, 0.0, 0.0, 0.852193394423638, 0.0], [0.0, 0.0, 0.0, 0.0, 0.9199121857465056], [0.0, 0.0, 0.8720567182619233, 0.0, 0.0], [0.0, 0.5751053017856913, 0.0, 0.0, 0.0]]","[[45, 141, 97, 121, 91, 93, 37, 119], [108, 113, 136, 113, 203, 122, 209, 99, 195, 78, 114, 77], [56, 153, 181, 140, 182, 125, 56, 138], [110, 175, 129, 176, 132, 163, 111, 166]]","[[[1.4516129032258078, 177.4193548387097], [11.129032258064527, 177.4193548387097], [11.129032258064527, 168.06451612903226], [2.0967741935483986, 169.03225806451613]], [[112.74193548387096, 172.58064516129033], [129.51612903225805, 172.58064516129033], [128.5483870967742, 164.51612903225808], [112.0967741935484, 165.16129032258064]], [[57.90322580645163, 136.7741935483871], [183.70967741935482, 126.12903225806451], [182.0967741935484, 142.58064516129033], [57.90322580645163, 151.61290322580646]], [[46.29032258064517, 139.35483870967744], [96.29032258064517, 117.09677419354838], [88.8709677419355, 94.51612903225805], [37.580645161290334, 119.6774193548387], [42.741935483870975, 140.96774193548387]], [[111.12903225806453, 113.2258064516129], [146.61290322580646, 111.93548387096773], [204.35483870967738, 120.96774193548386], [205.32258064516128, 95.16129032258064], [197.25806451612902, 79.35483870967741], [115.3225806451613, 76.4516129032258], [106.29032258064517, 96.77419354838709]]]","['SUN', 'FRESH', 'MARKET', '4001']","['HR', '4001', 'MARKET', 'SUN', 'FRESH']",7,0.25,1,0.36
5,18,0.068965517,0.666666667,0.125,0.368421053,0.068965517,0.666666667,0.125,"[{'gt': 1, 'det': 1, 'correct': True}, {'gt': 2, 'det': 2, 'correct': True}]","[[0.8218331023750932, 0.0, 0.0, 0.0, 0.0, 0.0, 0.0, 0.0, 0.0, 0.0, 0.0, 0.0, 0.0, 0.0, 0.0, 0.0, 0.0, 0.0, 0.0, 0.0, 0.0, 0.0, 0.0, 0.0, 0.0, 0.0, 0.0, 0.0, 0.0], [0.0, 0.7671460143691425, 0.0, 0.0, 0.0, 0.0, 0.0, 0.0, 0.0, 0.0, 0.0, 0.0, 0.0, 0.0, 0.0, 0.0, 0.0, 0.0, 0.0, 0.0, 0.0, 0.0, 0.0, 0.0, 0.0, 0.0, 0.0, 0.0, 0.0], [0.0, 0.0, 0.857896777604907, 0.0, 0.0, 0.0, 0.0, 0.0, 0.0, 0.0, 0.0, 0.0, 0.0, 0.0, 0.0, 0.0, 0.0, 0.0, 0.0, 0.0, 0.0, 0.0, 0.0, 0.0, 0.0, 0.0, 0.0, 0.0, 0.0]]","[[150, 110, 184, 97, 226, 99, 240, 74, 196, 67, 137, 87], [232, 99, 253, 105, 276, 116, 286, 96, 264, 78, 240, 72], [149, 280, 149, 282, 273, 285, 275, 263, 152, 261]]","[[[137.5645161290322, 81.72043010752688], [175.19892473118273, 67.74193548387096], [239.7150537634409, 72.04301075268816], [232.1881720430107, 96.77419354838709], [182.72580645161293, 101.07526881720429], [147.24193548387098, 110.75268817204301]], [[241.86559139784947, 74.19354838709677], [234.3387096774194, 95.69892473118279], [278.42473118279565, 120.43010752688171], [290.252688172043, 92.47311827956989]], [[150.4677419354839, 258.06451612903226], [277.3494623655914, 262.36559139784947], [276.2741935483871, 287.09677419354836], [147.24193548387098, 280.64516129032256]], [[144.01612903225805, 347.31182795698925], [150.4677419354839, 347.31182795698925], [152.61827956989248, 294.6236559139785], [142.9408602150537, 295.6989247311828]], [[174.1236559139785, 317.2043010752688], [190.252688172043, 316.1290322580645], [188.10215053763443, 296.7741935483871], [170.89784946236557, 295.6989247311828]], [[212.83333333333337, 339.7849462365591], [238.63978494623655, 340.86021505376345], [241.86559139784947, 324.73118279569894], [209.60752688172045, 322.5806451612903]], [[193.47849462365593, 308.60215053763443], [198.85483870967744, 308.60215053763443], [198.85483870967744, 350.5376344086021], [191.32795698924735, 350.5376344086021]], [[160.14516129032256, 341.93548387096774], [189.17741935483866, 344.0860215053763], [187.02688172043008, 360.21505376344084], [160.14516129032256, 359.13978494623655]], [[160.14516129032256, 394.6236559139785], [193.47849462365593, 395.6989247311828], [193.47849462365593, 381.72043010752685], [160.14516129032256, 381.72043010752685]], [[153.6935483870967, 419.3548387096774], [153.6935483870967, 427.9569892473118], [190.252688172043, 433.3333333333333], [189.17741935483866, 421.505376344086]], [[154.76881720430106, 472.04301075268813], [192.4032258064516, 469.89247311827955], [192.4032258064516, 460.21505376344084], [151.54301075268813, 455.9139784946236]], [[151.54301075268813, 506.4516129032258], [192.4032258064516, 505.3763440860215], [190.252688172043, 497.84946236559136], [148.3172043010752, 494.6236559139785]], [[137.5645161290322, 546.2365591397848], [170.89784946236557, 544.0860215053763], [169.82258064516122, 531.1827956989247], [136.48924731182797, 531.1827956989247]], [[133.26344086021504, 569.8924731182794], [170.89784946236557, 572.0430107526881], [171.97311827956992, 584.9462365591397], [133.26344086021504, 584.9462365591397]], [[133.26344086021504, 621.5053763440859], [170.89784946236557, 621.5053763440859], [170.89784946236557, 605.3763440860214], [131.11290322580646, 605.3763440860214]], [[140.79032258064512, 721.5053763440859], [161.2204301075269, 718.2795698924731], [160.14516129032256, 747.3118279569892], [138.63978494623655, 745.1612903225806]], [[189.17741935483866, 549.4623655913978], [197.7795698924731, 549.4623655913978], [197.7795698924731, 603.2258064516128], [187.02688172043008, 603.2258064516128]], [[218.20967741935488, 411.8279569892473], [223.58602150537638, 410.752688172043], [227.88709677419354, 466.66666666666663], [212.83333333333337, 468.81720430107526]], [[223.58602150537638, 372.0430107526882], [254.76881720430106, 372.0430107526882], [251.54301075268813, 355.9139784946236], [221.4354838709677, 356.98924731182797]], [[224.6612903225806, 425.80645161290323], [254.76881720430106, 426.8817204301075], [253.6935483870967, 415.0537634408602], [221.4354838709677, 413.9784946236559]], [[209.60752688172045, 537.6344086021504], [244.01612903225805, 535.4838709677418], [244.01612903225805, 516.1290322580644], [207.45698924731187, 520.4301075268817]], [[236.48924731182797, 573.1182795698924], [267.67204301075265, 570.9677419354838], [267.67204301075265, 561.2903225806451], [233.26344086021504, 560.2150537634408]], [[230.03763440860212, 587.0967741935483], [270.89784946236557, 584.9462365591397], [270.89784946236557, 574.1935483870967], [228.96236559139788, 574.1935483870967]], [[234.3387096774194, 598.9247311827957], [271.9731182795699, 599.9999999999999], [273.04838709677415, 584.9462365591397], [233.26344086021504, 584.9462365591397]], [[225.73655913978496, 613.9784946236558], [267.67204301075265, 613.9784946236558], [271.9731182795699, 602.1505376344086], [225.73655913978496, 599.9999999999999]], [[224.6612903225806, 612.9032258064516], [273.04838709677415, 612.9032258064516], [271.9731182795699, 624.7311827956988], [220.36021505376345, 629.0322580645161]], [[248.3172043010752, 636.5591397849462], [269.8225806451612, 636.5591397849462], [269.8225806451612, 626.8817204301074], [248.3172043010752, 624.7311827956988]], [[222.51075268817203, 640.8602150537633], [222.51075268817203, 653.7634408602149], [269.8225806451612, 649.4623655913978], [266.5967741935484, 640.8602150537633]], [[240.79032258064512, 664.5161290322579], [267.67204301075265, 664.5161290322579], [268.747311827957, 649.4623655913978], [238.63978494623655, 650.5376344086021]]]","['CANNERY', 'ROW', 'DIRECTORY']","['CAMMERY', 'ROW', 'DIRECTORY', '', '', '', '', '', '', '', '', '', '', '', '', '', '', '', '', '', '', '', '', '', '', '', '', '', '']",7,0.25,1,0.36
1,299,0.857142857,0.857142857,0.857142857,0.023809524,1,1,1,"[{'gt': 0, 'det': 0, 'correct': True}, {'gt': 1, 'det': 1, 'correct': False}, {'gt': 2, 'det': 2, 'correct': True}, {'gt': 5, 'det': 3, 'correct': True}, {'gt': 6, 'det': 4, 'correct': True}, {'gt': 3, 'det': 5, 'correct': True}, {'gt': 4, 'det': 6, 'correct': True}]","[[0.7859912492327584, 0.022719030197497433, 0.0, 0.0, 0.0, 0.0, 0.0], [0.019358494186757395, 0.8428687984255956, 0.0, 0.0, 0.0, 0.0, 0.0], [0.0, 0.0, 0.8205828258233211, 0.0, 0.0, 0.0, 0.0], [0.0, 0.0, 0.0, 0.0, 0.0, 0.8313531725852377, 0.0038785713748074463], [0.0, 0.0, 0.0, 0.0, 0.0, 0.0, 0.8735432328086962], [0.0, 0.0, 0.0, 0.7679753237978185, 0.0, 0.0, 0.0], [0.0, 0.0, 0.0, 0.0004699478907148162, 0.8603082268996053, 0.0, 0.0]]","[[234, 664, 483, 589, 730, 655, 753, 513, 483, 466, 207, 496], [402, 649, 477, 640, 568, 649, 582, 595, 492, 589, 405, 604], [435, 694, 558, 693, 562, 666, 423, 666], [258, 753, 313, 784, 384, 810, 393, 763, 339, 745, 279, 709], [213, 793, 301, 847, 400, 873, 412, 816, 318, 793, 241, 759], [583, 801, 651, 774, 718, 744, 688, 708, 637, 742, 592, 757], [573, 873, 682, 843, 765, 795, 744, 744, 648, 790, 555, 820]]","[[[191.03896103896108, 492.98701298701303], [197.5324675324676, 530.6493506493507], [274.1558441558442, 529.3506493506494], [263.76623376623377, 568.3116883116884], [241.68831168831173, 590.3896103896104], [249.48051948051955, 639.7402597402598], [284.5454545454546, 657.922077922078], [339.0909090909091, 638.4415584415585], [349.48051948051955, 612.4675324675325], [481.948051948052, 594.2857142857143], [641.6883116883117, 624.1558441558442], [730.0, 648.8311688311688], [739.0909090909091, 509.87012987012986], [628.7012987012987, 491.6883116883117], [628.7012987012987, 503.3766233766234], [367.6623376623377, 502.0779220779221], [358.57142857142856, 485.1948051948052]], [[402.72727272727275, 605.9740259740261], [404.02597402597405, 637.1428571428572], [583.2467532467533, 650.1298701298701], [583.2467532467533, 583.8961038961039], [475.4545454545455, 590.3896103896104]], [[423.5064935064936, 659.2207792207793], [427.4025974025974, 694.2857142857143], [559.8701298701299, 691.6883116883117], [558.5714285714286, 664.4155844155845]], [[584.5454545454546, 767.0129870129871], [600.1298701298701, 807.2727272727273], [722.2077922077922, 741.038961038961], [696.2337662337662, 711.1688311688312]], [[555.9740259740261, 818.961038961039], [574.1558441558442, 867.0129870129871], [714.4155844155845, 824.1558441558442], [765.0649350649352, 787.7922077922078], [737.7922077922079, 742.3376623376623], [659.8701298701299, 782.5974025974026], [613.1168831168832, 804.6753246753248]], [[272.8571428571429, 713.7662337662338], [254.67532467532476, 743.6363636363636], [291.03896103896113, 772.2077922077923], [388.4415584415585, 808.5714285714286], [392.3376623376623, 757.922077922078], [307.92207792207796, 731.948051948052]], [[239.09090909090912, 754.025974025974], [215.71428571428578, 799.4805194805195], [307.92207792207796, 856.6233766233767], [400.12987012987014, 874.8051948051948], [411.81818181818187, 811.1688311688312], [311.81818181818187, 790.3896103896104]]]","['STMARTIN', 'BKK', '1999', 'TATTOO', 'KHAOSAN', 'STUDIO', 'THAILAND']","['STMARTIN', 'BRK', '1999', 'STUDIO', 'THAILAND', 'TATTOO', 'KHAOSAN']",32,0.125,1,0.66
2,184,1,1,1,0,1,1,1,"[{'gt': 0, 'det': 2, 'correct': True}, {'gt': 1, 'det': 3, 'correct': True}, {'gt': 2, 'det': 4, 'correct': True}, {'gt': 3, 'det': 0, 'correct': True}, {'gt': 4, 'det': 1, 'correct': True}]","[[0.0, 0.0, 0.9156222485495759, 0.0, 0.0], [0.0, 0.0, 0.0, 0.7785379530482032, 0.0], [0.0, 0.0, 0.0, 0.0, 0.9239562587924152], [0.8576056250045515, 0.0, 0.0, 0.0, 0.0], [0.0, 0.8451651062172902, 0.0, 0.0, 0.0]]","[[165, 138, 294, 108, 300, 65, 159, 97], [316, 109, 376, 104, 386, 56, 317, 63], [398, 98, 473, 97, 550, 103, 648, 120, 717, 135, 722, 95, 679, 80, 494, 53, 403, 57], [148, 196, 230, 191, 230, 165, 164, 163], [629, 189, 716, 195, 721, 164, 637, 164]]","[[[160.81395348837214, 163.87596899224806], [151.51162790697677, 193.33333333333334], [218.17829457364343, 194.10852713178295], [228.2558139534884, 164.65116279069767]], [[636.782945736434, 164.65116279069767], [632.1317829457364, 192.55813953488374], [720.5038759689922, 191.78294573643413], [723.6046511627907, 159.99999999999997]], [[158.4883720930233, 97.2093023255814], [160.81395348837214, 135.968992248062], [293.37209302325584, 112.71317829457365], [300.34883720930236, 66.97674418604652]], [[315.077519379845, 68.52713178294573], [315.077519379845, 101.08527131782947], [384.0697674418605, 100.31007751937983], [379.41860465116287, 56.12403100775194]], [[397.24806201550393, 59.22480620155039], [401.12403100775197, 96.43410852713177], [513.5271317829457, 96.43410852713177], [722.8294573643411, 133.64341085271317], [716.6279069767442, 89.45736434108528], [529.031007751938, 55.34883720930233]]]","['PORT', 'OF', 'NEWCASTLE', 'EST', '1838']","['EST', '1838', 'PORT', 'OF', 'NEWCASTLE']",32,0.125,1,0.66
2,99,0.5,1,0.666666667,0,0.5,1,0.666666667,"[{'gt': 0, 'det': 0, 'correct': True}, {'gt': 1, 'det': 3, 'correct': True}]","[[0.8196311805047902, 0.009138745758912369, 0.011263380374304124, 0.0], [0.0, 0.0, 0.01100400345022544, 0.8156247288780641], [0.002894775297566716, 0.3512124133915109, 0.3675917622960976, 0.0138361710942248]]","[[35, 40, 96, 34, 157, 49, 162, 30, 95, 10, 31, 19], [86, 54, 114, 54, 114, 45, 85, 44], [63, 47, 97, 43, 133, 51, 135, 43, 97, 33, 57, 37]]","[[[29.704301075268816, 19.892473118279568], [40.18817204301075, 40.59139784946237], [66.8010752688172, 32.52688172043011], [120.83333333333334, 35.75268817204301], [157.1236559139785, 50.53763440860215], [157.1236559139785, 24.193548387096772], [102.28494623655914, 12.903225806451612], [58.736559139784944, 12.36559139784946], [30.77956989247312, 17.204301075268816]], [[60.88709677419355, 37.365591397849464], [62.76881720430107, 45.16129032258065], [92.60752688172042, 42.473118279569896], [91.53225806451613, 35.215053763440864], [72.71505376344086, 34.13978494623656]], [[100.67204301075267, 35.75268817204301], [101.4784946236559, 43.81720430107527], [137.5, 51.61290322580645], [135.88709677419354, 41.666666666666664], [115.45698924731181, 37.903225806451616]], [[85.0806451612903, 44.086021505376344], [85.34946236559139, 53.225806451612904], [114.65053763440861, 52.68817204301075], [111.15591397849462, 43.81720430107527]]]","['ISTANBUL', 'HOUSE', '###']","['ISTANBUL', 'KEBAB', 'BURGER', 'HOUSE']",32,0.125,1,0.66
3,95,1,1,1,0,1,1,1,"[{'gt': 0, 'det': 0, 'correct': True}, {'gt': 1, 'det': 1, 'correct': True}, {'gt': 2, 'det': 2, 'correct': True}, {'gt': 3, 'det': 3, 'correct': True}, {'gt': 4, 'det': 4, 'correct': True}, {'gt': 5, 'det': 5, 'correct': True}, {'gt': 6, 'det': 6, 'correct': True}, {'gt': 7, 'det': 7, 'correct': True}]","[[0.8545239269412159, 0.0, 0.0, 0.0, 0.0, 0.0, 0.0, 0.0], [0.0, 0.8189477559619048, 0.0, 0.0, 0.0, 0.0, 0.0, 0.0], [0.0, 0.0, 0.8891706823011707, 0.0, 0.0, 0.0, 0.0, 0.0], [0.0, 0.0, 0.0, 0.8565108990654758, 0.0, 0.0, 0.0, 0.0], [0.0, 0.0, 0.0, 0.0, 0.900437076813392, 0.0, 0.0, 0.0], [0.0, 0.0, 0.0, 0.0, 0.0, 0.886987124891152, 0.0, 0.0], [0.0, 0.0, 0.0, 0.0, 0.0, 0.0, 0.8398053824035551, 0.0], [0.0, 0.0, 0.0, 0.0, 0.0, 0.0, 0.0, 0.7608519407063496]]","[[226, 131, 288, 128, 345, 132, 341, 108, 281, 101, 223, 102], [358, 136, 415, 151, 472, 175, 478, 156, 426, 131, 359, 111], [213, 179, 269, 166, 334, 167, 334, 146, 275, 142, 197, 152], [360, 173, 431, 190, 494, 223, 497, 200, 439, 174, 359, 150], [124, 248, 184, 225, 247, 213, 236, 178, 177, 189, 108, 215], [260, 212, 325, 204, 389, 214, 391, 185, 323, 172, 253, 175], [424, 221, 481, 249, 539, 289, 546, 265, 504, 229, 426, 193], [307, 246, 357, 246, 413, 257, 418, 237, 367, 212, 304, 213]]","[[[217.2727272727273, 103.18181818181822], [223.93939393939394, 126.81818181818186], [280.90909090909093, 126.21212121212125], [343.33333333333337, 134.0909090909091], [340.3030303030303, 107.42424242424245], [271.8181818181818, 101.3636363636364], [236.06060606060606, 97.72727272727276]], [[357.2727272727273, 111.06060606060609], [355.45454545454544, 135.90909090909093], [474.8484848484848, 171.66666666666669], [474.8484848484848, 148.63636363636365], [417.8787878787879, 131.66666666666669], [392.42424242424244, 120.7575757575758], [374.8484848484849, 109.24242424242428]], [[196.0606060606061, 154.0909090909091], [205.7575757575758, 175.3030303030303], [276.6666666666667, 165.60606060606062], [331.21212121212125, 168.03030303030303], [333.6363636363636, 145.60606060606062], [263.93939393939394, 143.1818181818182]], [[357.2727272727273, 151.66666666666669], [360.3030303030303, 171.66666666666669], [415.45454545454544, 185.0], [493.6363636363637, 220.15151515151516], [499.09090909090907, 202.5757575757576], [463.93939393939394, 181.36363636363637], [417.8787878787879, 164.3939393939394]], [[113.63636363636365, 212.87878787878788], [112.42424242424246, 226.21212121212122], [126.969696969697, 249.24242424242425], [173.63636363636365, 228.03030303030303], [217.87878787878788, 215.3030303030303], [244.54545454545456, 207.42424242424244], [237.2727272727273, 175.3030303030303], [174.24242424242428, 188.03030303030303]], [[251.8181818181818, 178.33333333333334], [259.6969696969697, 208.63636363636365], [313.03030303030306, 202.5757575757576], [390.6060606060606, 212.87878787878788], [390.6060606060606, 185.0], [338.4848484848485, 177.12121212121212], [292.42424242424244, 173.4848484848485]], [[421.5151515151515, 197.72727272727275], [421.5151515151515, 226.8181818181818], [466.3636363636363, 239.54545454545456], [505.7575757575758, 263.18181818181824], [539.6969696969696, 286.81818181818187], [546.3636363636363, 258.939393939394], [502.12121212121207, 227.42424242424244], [456.06060606060606, 208.03030303030303]], [[306.3636363636364, 213.4848484848485], [308.1818181818182, 238.33333333333334], [349.3939393939394, 243.78787878787878], [357.8787878787879, 251.06060606060606], [373.6363636363636, 243.78787878787878], [416.06060606060606, 254.0909090909091], [412.42424242424244, 229.24242424242425], [384.54545454545456, 224.3939393939394], [368.7878787878788, 211.66666666666669], [357.2727272727273, 214.0909090909091], [345.75757575757575, 219.54545454545456]]]","['SANTA', 'MONICA', 'YACHT', 'HARBOR', 'SPORT', 'FISHING', 'BOATING', 'CAFES']","['SANTA', 'MONICA', 'YACHT', 'HARBOR', 'SPORT', 'FISHING', 'BOATING', 'CAFES']",32,0.125,1,0.66
3,18,0.75,1,0.857143,0,0.75,1,0.857143,"[{'gt': 0, 'det': 0, 'correct': True}, {'gt': 1, 'det': 1, 'correct': True}, {'gt': 2, 'det': 2, 'correct': True}]","[[0.8740228215498786, 0.0, 0.0, 0.0], [0.0, 0.8015439962522469, 0.0, 0.0], [0.0, 0.0, 0.8740512344411799, 0.0]]","[[150, 110, 184, 97, 226, 99, 240, 74, 196, 67, 137, 87], [232, 99, 253, 105, 276, 116, 286, 96, 264, 78, 240, 72], [149, 280, 149, 282, 273, 285, 275, 263, 152, 261]]","[[[135.41397849462362, 89.24731182795698], [147.24193548387098, 112.9032258064516], [183.80107526881716, 98.9247311827957], [226.8118279569892, 101.07526881720429], [238.63978494623655, 73.11827956989247], [198.85483870967744, 68.81720430107526], [149.39247311827955, 80.64516129032258]], [[236.48924731182797, 83.87096774193547], [235.41397849462362, 97.84946236559139], [262.29569892473114, 104.3010752688172], [276.2741935483871, 118.2795698924731], [290.252688172043, 94.62365591397848], [265.52150537634407, 81.72043010752688], [244.01612903225805, 72.04301075268816]], [[150.4677419354839, 258.06451612903226], [149.39247311827955, 279.5698924731183], [273.04838709677415, 286.02150537634407], [274.1236559139785, 262.36559139784947]], [[230.03763440860212, 561.2903225806451], [219.2849462365591, 648.3870967741934], [255.8440860215054, 669.8924731182794], [274.1236559139785, 655.9139784946236], [268.747311827957, 550.5376344086021]]]","['CANNERY', 'ROW', 'DIRECTORY']","['CANNERY', 'ROW', 'DIRECTORY', '']",32,0.125,1,0.66
4,276,0.875,1,0.933333333,0,0.875,1,0.933333333,"[{'gt': 2, 'det': 0, 'correct': True}, {'gt': 3, 'det': 1, 'correct': True}, {'gt': 4, 'det': 2, 'correct': True}, {'gt': 5, 'det': 3, 'correct': True}, {'gt': 6, 'det': 4, 'correct': True}, {'gt': 7, 'det': 5, 'correct': True}, {'gt': 8, 'det': 6, 'correct': True}]","[[0.0, 0.0, 0.0, 0.0, 0.0, 0.0, 0.0, 0.0], [0.0, 0.0, 0.0, 0.0, 0.0, 0.0, 0.0, 0.5443425731450925], [0.8290385660355262, 0.0, 0.0, 0.0, 0.0, 0.0, 0.0, 0.0], [0.0, 0.803100047257661, 0.0, 0.0, 0.0, 0.0, 0.0, 0.0], [0.0, 0.0, 0.7128100779669492, 0.0, 0.0, 0.0, 0.0, 0.0], [0.0, 0.0, 0.0, 0.6560559546016901, 0.027697623730243783, 0.0, 0.0, 0.0], [0.0, 0.0, 0.0, 0.015706772456829943, 0.8557873680011955, 0.00027783083576851295, 0.0, 0.0], [0.0, 0.0, 0.0, 0.0, 0.0, 0.7608530377426584, 0.0, 0.0], [0.0, 0.0, 0.0, 0.0, 0.0, 0.0, 0.8548386045990686, 0.0]]","[[553, 665, 568, 665, 583, 665, 583, 616, 568, 616, 553, 616], [232, 849, 264, 849, 295, 849, 295, 818, 264, 818, 232, 818], [265, 534, 356, 546, 467, 583, 482, 538, 278, 478], [223, 589, 299, 592, 382, 615, 388, 580, 305, 550, 224, 541], [394, 616, 473, 651, 487, 616, 410, 579], [350, 705, 469, 735, 472, 715, 358, 687], [355, 742, 476, 772, 482, 739, 364, 711], [362, 786, 490, 811, 497, 781, 364, 751], [308, 853, 367, 867, 371, 835, 316, 823]]","[[[266.5, 475.2941176470589], [263.5588235294118, 531.1764705882352], [376.7941176470589, 551.7647058823529], [470.91176470588243, 587.0588235294117], [478.2647058823529, 531.1764705882352], [344.4411764705883, 488.5294117647059]], [[225.32352941176475, 538.5294117647059], [226.7941176470589, 579.7058823529412], [320.91176470588243, 594.4117647058823], [382.67647058823536, 609.1176470588235], [384.1470588235294, 573.8235294117646], [256.2058823529412, 545.8823529411765]], [[406.2058823529412, 578.2352941176471], [392.97058823529414, 609.1176470588235], [470.91176470588243, 641.4705882352941], [479.7352941176471, 613.5294117647059]], [[357.67647058823536, 679.7058823529411], [353.2647058823529, 710.5882352941176], [466.5, 735.5882352941176], [467.97058823529414, 707.6470588235294]], [[363.5588235294118, 709.1176470588235], [359.1470588235294, 741.4705882352941], [478.2647058823529, 772.3529411764706], [484.1470588235295, 734.1176470588235]], [[366.5, 751.7647058823529], [363.5588235294118, 773.8235294117646], [491.5, 813.5294117647059], [497.3823529411766, 775.2941176470588]], [[313.5588235294118, 825.2941176470588], [309.1470588235294, 851.7647058823529], [365.02941176470586, 869.4117647058823], [365.02941176470586, 831.1764705882352]], [[256.2058823529412, 804.7058823529411], [232.67647058823536, 832.6470588235294], [287.0882352941177, 848.8235294117646], [292.97058823529414, 817.9411764705882]]]","['###', '###', 'LIDDELLS', 'LACTOSE', 'FREE', 'SPREADABLE', 'CREAM', 'CHEESE', '250G']","['LIDDELLS', 'LACTOSE', 'FREE', 'SPREADABLE', 'CREAM', 'CHEESE', '250G', '']",32,0.125,1,0.66
5,299,0.666666667,0.857142857,0.75,0.19047619,0.666666667,0.857142857,0.75,"[{'gt': 1, 'det': 2, 'correct': True}, {'gt': 2, 'det': 3, 'correct': True}, {'gt': 3, 'det': 5, 'correct': True}, {'gt': 4, 'det': 6, 'correct': True}, {'gt': 5, 'det': 7, 'correct': True}, {'gt': 6, 'det': 8, 'correct': True}]","[[0.35015979288531046, 0.5301381072724404, 0.018562353421505366, 0.0, 0.0, 0.0, 0.0, 0.0, 0.0], [0.0, 0.03395774835023915, 0.8184396326729412, 0.0, 0.0, 0.0, 0.0, 0.0, 0.0], [0.0, 0.0, 0.0, 0.6959333172680058, 0.0, 0.0, 0.0, 0.0, 0.0], [0.0, 0.0, 0.0, 0.0, 0.0, 0.8394726613942907, 0.0012981501279976492, 0.0, 0.0], [0.0, 0.0, 0.0, 0.0, 0.0, 0.0, 0.887252452914269, 0.0, 0.0], [0.0, 0.0, 0.0, 0.0, 0.0, 0.0, 0.0, 0.6547943079397754, 0.0], [0.0, 0.0, 0.0, 0.0, 0.0, 0.0, 0.0, 0.008974917238967829, 0.8412839341302067]]","[[234, 664, 483, 589, 730, 655, 753, 513, 483, 466, 207, 496], [402, 649, 477, 640, 568, 649, 582, 595, 492, 589, 405, 604], [435, 694, 558, 693, 562, 666, 423, 666], [258, 753, 313, 784, 384, 810, 393, 763, 339, 745, 279, 709], [213, 793, 301, 847, 400, 873, 412, 816, 318, 793, 241, 759], [583, 801, 651, 774, 718, 744, 688, 708, 637, 742, 592, 757], [573, 873, 682, 843, 765, 795, 744, 744, 648, 790, 555, 820]]","[[[194.935064935065, 485.1948051948052], [241.68831168831173, 659.2207792207793], [392.3376623376623, 621.5584415584416], [398.83116883116884, 461.81818181818187]], [[392.3376623376623, 491.6883116883117], [392.3376623376623, 613.7662337662338], [513.1168831168832, 595.5844155844156], [723.5064935064935, 643.6363636363636], [736.4935064935065, 494.28571428571433]], [[407.92207792207796, 595.5844155844156], [409.22077922077926, 654.025974025974], [572.8571428571429, 642.3376623376623], [572.8571428571429, 587.7922077922078]], [[428.7012987012987, 656.6233766233767], [427.4025974025974, 694.2857142857143], [562.4675324675325, 694.2857142857143], [558.5714285714286, 655.3246753246754]], [[453.37662337662346, 707.2727272727274], [470.2597402597403, 803.3766233766235], [501.42857142857144, 802.0779220779222], [518.3116883116884, 707.2727272727274]], [[255.97402597402606, 752.7272727272727], [310.51948051948057, 787.7922077922078], [384.5454545454546, 804.6753246753248], [392.3376623376623, 759.2207792207793], [267.6623376623377, 708.5714285714286]], [[240.38961038961043, 756.6233766233767], [210.51948051948057, 794.2857142857143], [268.961038961039, 839.7402597402598], [400.12987012987014, 868.3116883116884], [409.22077922077926, 812.4675324675325], [313.1168831168832, 792.987012987013]], [[579.3506493506494, 757.922077922078], [593.6363636363636, 804.6753246753248], [661.1688311688312, 790.3896103896104], [718.3116883116884, 742.3376623376623], [692.3376623376623, 703.3766233766235], [626.1038961038961, 738.4415584415585]], [[557.2727272727273, 809.8701298701299], [567.6623376623377, 874.8051948051948], [659.8701298701299, 847.5324675324675], [763.7662337662338, 781.2987012987013], [735.1948051948052, 743.6363636363636], [653.3766233766235, 792.987012987013]]]","['STMARTIN', 'BKK', '1999', 'TATTOO', 'KHAOSAN', 'STUDIO', 'THAILAND']","['ST', 'MARTIN', 'BKK', '1999', 'ST', 'TATTOO', 'KHAOSAN', 'STUDIO', 'THAILAND']",32,0.125,1,0.66
5,61,0.2,0.666666667,0.307692308,0.615384615,0.2,0.666666667,0.307692308,"[{'gt': 1, 'det': 1, 'correct': True}, {'gt': 2, 'det': 6, 'correct': True}]","[[0.7472635263568446, 0.0, 0.0, 0.0, 0.0, 0.0, 0.0, 0.0, 0.0, 0.0], [0.0, 0.8167147937429362, 0.0, 0.0, 0.0, 0.0, 0.0, 0.0, 0.0, 0.0], [0.0, 0.0, 0.0, 0.0, 0.0, 0.0, 0.7897938629834738, 0.0, 0.0, 0.0]]","[[117, 96, 158, 72, 200, 70, 236, 86, 240, 68, 208, 50, 159, 51, 118, 77], [178, 121, 189, 121, 189, 105, 175, 105], [151, 154, 212, 146, 212, 129, 151, 136]]","[[[121.4516129032258, 95.80645161290322], [151.4516129032258, 77.41935483870967], [182.74193548387095, 68.70967741935483], [234.35483870967738, 84.83870967741935], [243.38709677419354, 64.51612903225806], [197.9032258064516, 43.54838709677419], [150.8064516129032, 50.645161290322584], [115.0, 72.58064516129032]], [[178.2258064516129, 107.41935483870967], [177.5806451612903, 120.64516129032258], [188.54838709677418, 120.96774193548386], [188.54838709677418, 105.48387096774192], [177.5806451612903, 103.87096774193547]], [[174.6774193548387, 87.09677419354838], [184.6774193548387, 85.80645161290322], [193.06451612903226, 88.06451612903226], [192.09677419354838, 77.09677419354838], [182.41935483870967, 75.16129032258064], [174.03225806451613, 77.74193548387096]], [[139.19354838709677, 107.09677419354838], [147.90322580645162, 102.9032258064516], [154.6774193548387, 103.2258064516129], [153.38709677419354, 92.25806451612902], [138.8709677419355, 94.19354838709677]], [[207.5806451612903, 101.29032258064515], [215.64516129032256, 97.74193548387096], [224.3548387096774, 99.6774193548387], [224.03225806451613, 88.38709677419354], [214.03225806451613, 86.77419354838709], [206.29032258064515, 89.03225806451613]], [[305.96774193548384, 46.12903225806452], [305.3225806451613, 81.29032258064515], [319.0, 81.29032258064515], [319.0, 45.483870967741936]], [[148.87096774193546, 154.83870967741936], [213.06451612903226, 147.09677419354838], [211.4516129032258, 126.12903225806451], [148.54838709677418, 133.5483870967742]], [[27.903225806451616, 107.74193548387096], [27.58064516129032, 118.70967741935483], [50.48387096774193, 116.12903225806451], [49.193548387096776, 106.77419354838709]], [[314.0322580645161, 173.2258064516129], [306.61290322580646, 178.70967741935485], [311.1290322580645, 194.19354838709677], [319.0, 191.18406072106262], [318.5483870967742, 171.61290322580646]], [[271.7741935483871, 222.25806451612902], [288.8709677419355, 222.25806451612902], [284.91378299120237, 239.0], [267.5806451612903, 239.0]]]","['MONTEREY', '2', 'FIRE']","['MONTERRY', '2', 'MFD', 'EST', 'ENGINE', '6', 'FIRE', '', '', '']",32,0.125,1,0.66
1,268,0.857142857,0.75,0.8,0.095238095,1,0.875,0.933333333,"[{'gt': 5, 'det': 0, 'correct': True}, {'gt': 6, 'det': 1, 'correct': True}, {'gt': 3, 'det': 2, 'correct': True}, {'gt': 2, 'det': 3, 'correct': False}, {'gt': 0, 'det': 4, 'correct': True}, {'gt': 1, 'det': 5, 'correct': True}, {'gt': 4, 'det': 6, 'correct': True}]","[[0.0, 0.0, 0.0, 0.0, 0.8360827864082391, 0.0, 0.0], [0.0, 0.0, 0.0, 0.0, 0.0, 0.8169386167899683, 0.0], [0.0, 0.0, 0.0, 0.620541850292216, 0.0, 0.0, 0.0], [0.0, 0.0, 0.8870379617185482, 0.0, 0.0, 0.0, 0.0], [0.0, 0.0, 0.0, 0.0, 0.0, 0.0, 0.5797953484826318], [0.906821698705894, 0.0, 0.0, 0.0, 0.0, 0.0, 0.0], [0.0, 0.8606496686959964, 0.0, 0.0, 0.0, 0.0, 0.0], [0.0, 0.0, 0.0, 0.26802477930515567, 0.0, 0.0, 0.0]]","[[714, 261, 784, 261, 854, 261, 854, 237, 784, 237, 714, 237], [721, 287, 783, 287, 844, 287, 844, 264, 783, 264, 721, 264], [611, 326, 645, 326, 679, 326, 679, 306, 645, 306, 611, 306], [330, 126, 373, 126, 416, 126, 416, 99, 373, 99, 330, 99], [763, 312, 783, 312, 803, 312, 803, 293, 783, 293, 763, 293], [122, 278, 313, 216, 685, 237, 820, 187, 799, 125, 668, 164, 300, 130, 137, 178], [268, 130, 329, 125, 330, 98, 264, 98], [671, 331, 697, 335, 700, 304, 672, 304]]","[[[135.39449541284407, 180.4495412844037], [120.71559633027525, 276.7798165137615], [250.9908256880734, 222.651376146789], [386.7706422018349, 216.22935779816515], [657.4128440366973, 241.91743119266056], [821.6330275229358, 182.28440366972478], [808.7889908256881, 120.81651376146793], [694.1100917431193, 156.59633027522938], [504.20183486238534, 152.00917431192664], [417.04587155963304, 129.99082568807341], [257.41284403669727, 141.00000000000003]], [[266.5871559633028, 100.63302752293582], [266.5871559633028, 128.15596330275233], [327.1376146788991, 125.40366972477068], [326.22018348623857, 98.79816513761472]], [[332.6422018348624, 97.88073394495417], [336.3119266055046, 126.32110091743124], [421.63302752293583, 124.48623853211014], [415.211009174312, 99.71559633027528]], [[610.6238532110092, 305.22018348623857], [605.1192660550458, 329.9908256880734], [702.3669724770642, 328.1559633027523], [700.5321100917431, 305.22018348623857], [621.6330275229358, 306.1376146788991]], [[715.2110091743119, 241.00000000000003], [718.8807339449542, 259.34862385321105], [854.6605504587156, 263.0183486238532], [853.743119266055, 238.24770642201838]], [[718.8807339449542, 269.4403669724771], [719.7981651376147, 290.54128440366975], [851.9082568807339, 285.03669724770646], [843.651376146789, 262.10091743119267]], [[761.0825688073395, 298.7981651376147], [766.5871559633027, 317.1467889908257], [808.7889908256881, 318.98165137614683], [807.8715596330276, 291.4587155963303]]]","['CREATION', 'MUSEUM', 'EXIT', 'KEEn', 'org', 'ANKYLOSAURUS', 'THE', '11']","['ANKYLOSAURUS', 'THE', 'KEEN', 'EXIT11', 'CREATION', 'MUSEUM', 'ORG']",33,0.063,1,0.97
2,277,1,1,1,0,1,1,1,"[{'gt': 1, 'det': 1, 'correct': True}, {'gt': 2, 'det': 2, 'correct': True}, {'gt': 3, 'det': 3, 'correct': True}, {'gt': 4, 'det': 4, 'correct': True}, {'gt': 5, 'det': 5, 'correct': True}, {'gt': 6, 'det': 0, 'correct': True}]","[[0.0, 0.0, 0.0, 0.0, 0.0, 0.0], [0.0, 0.7666624564830024, 0.0, 0.0, 0.0, 0.0], [0.0, 0.0, 0.7104777272898516, 0.0, 0.0, 0.0], [0.0, 0.0, 0.0, 0.8394101072437969, 0.0, 0.0], [0.0, 0.0, 0.0, 0.002713399514331121, 0.8465908230601678, 0.004523979907391396], [0.0, 0.0, 0.0, 0.0, 0.004788824712728664, 0.8810470157444201], [0.7841763338876881, 0.0, 0.0, 0.0, 0.0, 0.0], [0.0, 0.0, 0.0, 0.0, 0.0, 0.0], [0.0, 0.0, 0.0, 0.0, 0.0, 0.0], [0.0, 0.0, 0.0, 0.0, 0.0, 0.0]]","[[172, 409, 204, 361, 256, 319, 234, 278, 177, 323, 142, 380], [270, 308, 327, 289, 396, 295, 399, 247, 316, 253, 250, 277], [403, 292, 465, 305, 516, 334, 532, 298, 474, 266, 411, 251], [148, 569, 367, 476, 651, 461, 630, 350, 303, 386, 120, 466], [288, 611, 387, 578, 511, 562, 496, 479, 360, 485, 271, 514], [259, 739, 426, 661, 624, 632, 619, 566, 403, 577, 210, 641], [633, 277, 768, 242, 768, 193, 633, 220], [684, 328, 772, 305, 769, 268, 676, 289], [534, 769, 604, 731, 652, 655, 618, 647, 564, 713, 514, 745], [7, 481, 60, 475, 58, 437, 6, 442]]","[[[625.9154929577464, 220.0], [627.3239436619717, 272.112676056338], [741.4084507042253, 258.0281690140845], [779.0, 245.90186278964106], [779.0, 190.42253521126761], [703.3802816901409, 210.14084507042253]], [[255.4929577464789, 276.3380281690141], [263.943661971831, 311.5492957746479], [323.0985915492958, 297.46478873239437], [400.5633802816902, 297.46478873239437], [400.5633802816902, 239.71830985915494], [297.7464788732395, 250.98591549295773]], [[409.01408450704224, 242.53521126760563], [403.38028169014086, 281.97183098591546], [459.718309859155, 305.91549295774644], [516.056338028169, 332.67605633802816], [541.4084507042253, 294.6478873239436], [478.02816901408454, 253.80281690140848]], [[128.73239436619718, 456.61971830985914], [125.9154929577465, 512.9577464788733], [165.35211267605638, 572.112676056338], [285.0704225352113, 508.7323943661972], [500.5633802816902, 453.80281690140845], [661.1267605633802, 463.6619718309859], [583.661971830986, 338.30985915492954], [366.76056338028167, 366.4788732394366], [207.60563380281695, 418.59154929577466]], [[262.5352112676057, 529.8591549295775], [297.7464788732395, 618.5915492957747], [394.9295774647888, 577.7464788732394], [497.7464788732395, 553.8028169014085], [485.0704225352113, 487.6056338028169], [369.57746478873236, 486.19718309859155], [307.60563380281695, 501.6901408450704]], [[231.54929577464787, 634.0845070422536], [232.95774647887328, 696.0563380281691], [278.02816901408454, 729.8591549295775], [428.7323943661972, 660.8450704225353], [624.5070422535211, 629.8591549295775], [614.6478873239437, 560.8450704225353], [452.6760563380282, 570.7042253521128], [418.8732394366197, 562.2535211267606], [383.6619718309859, 603.0985915492959]]]","['###', 'BISKUT', 'BERAS', 'ORIGINAL', 'RICE', 'CRACKERS', 'TENTE', '###', '###', '###']","['TENTE', 'BISKUT', 'BERAS', 'ORIGINAL', 'RICE', 'CRACKERS']",33,0.063,1,0.97
3,114,1,1,1,0,1,1,1,"[{'gt': 0, 'det': 0, 'correct': True}, {'gt': 1, 'det': 1, 'correct': True}]","[[0.9175773763426051, 0.0], [0.0, 0.8475234304233538]]","[[112, 260, 147, 247, 232, 232, 344, 230, 437, 232, 531, 265, 568, 211, 510, 185, 424, 167, 379, 169, 281, 166, 188, 175, 97, 203], [212, 291, 422, 291, 424, 267, 210, 266]]","[[[93.87096774193547, 205.8064516129032], [117.74193548387096, 256.77419354838713], [186.77419354838707, 238.06451612903223], [295.1612903225806, 227.09677419354838], [411.2903225806451, 230.32258064516128], [527.4193548387096, 260.6451612903226], [560.3225806451612, 235.48387096774192], [546.7741935483871, 191.61290322580643], [400.96774193548384, 165.8064516129032], [335.1612903225806, 163.2258064516129], [219.67741935483872, 167.74193548387095], [127.41935483870968, 186.4516129032258]], [[206.1290322580645, 267.0967741935484], [213.8709677419355, 293.5483870967742], [426.1290322580645, 294.19354838709677], [419.67741935483866, 267.741935483871]]]","['DALEWOOD', 'TOWNHOMES']","['DALEWOOD', 'TOWNHOMES']",33,0.063,1,0.97
4,18,0.25,0.333333333,0.285714286,0.526315789,0.25,0.333333333,0.285714286,"[{'gt': 2, 'det': 1, 'correct': True}]","[[0.4910202127659574, 0.0, 0.0, 0.0], [0.2514064605818828, 0.0, 0.0, 0.0], [0.0, 0.684979365778724, 0.0, 0.0]]","[[150, 110, 184, 97, 226, 99, 240, 74, 196, 67, 137, 87], [232, 99, 253, 105, 276, 116, 286, 96, 264, 78, 240, 72], [149, 280, 149, 282, 273, 285, 275, 263, 152, 261]]","[[[132.1881720430107, 87.09677419354838], [151.54301075268813, 115.05376344086021], [182.72580645161293, 104.3010752688172], [216.05913978494618, 103.2258064516129], [247.24193548387098, 103.2258064516129], [281.6505376344086, 121.50537634408602], [287.0268817204301, 92.47311827956989], [255.8440860215054, 77.41935483870967], [195.6290322580645, 62.36559139784946], [152.61827956989248, 74.19354838709677]], [[146.16666666666663, 256.98924731182797], [146.16666666666663, 276.34408602150535], [277.3494623655914, 288.1720430107527], [279.5, 256.98924731182797]], [[230.03763440860212, 561.2903225806451], [220.36021505376345, 622.5806451612902], [221.4354838709677, 652.6881720430107], [254.76881720430106, 669.8924731182794], [271.9731182795699, 664.5161290322579], [270.89784946236557, 546.2365591397848]], [[225.73655913978496, 498.9247311827957], [227.88709677419354, 522.5806451612902], [265.52150537634407, 523.6559139784946], [265.52150537634407, 501.0752688172043]]]","['CANNERY', 'ROW', 'DIRECTORY']","['CANRERYROW', 'DIRECTORY', '', '']",33,0.063,1,0.97
5,114,1,1,1,0,1,1,1,"[{'gt': 0, 'det': 0, 'correct': True}, {'gt': 1, 'det': 1, 'correct': True}]","[[0.8935917049501868, 0.0], [0.0, 0.7312187583247866]]","[[112, 260, 147, 247, 232, 232, 344, 230, 437, 232, 531, 265, 568, 211, 510, 185, 424, 167, 379, 169, 281, 166, 188, 175, 97, 203], [212, 291, 422, 291, 424, 267, 210, 266]]","[[[89.35483870967742, 202.5806451612903], [120.96774193548386, 267.741935483871], [244.83870967741933, 229.0322580645161], [422.9032258064516, 234.19354838709677], [536.4516129032257, 260.0], [559.6774193548387, 218.06451612903223], [534.516129032258, 187.74193548387095], [335.1612903225806, 159.99999999999997], [178.38709677419354, 174.19354838709677]], [[209.35483870967738, 261.93548387096774], [211.29032258064512, 296.77419354838713], [424.83870967741933, 296.1290322580645], [420.96774193548384, 264.51612903225805]]]","['DALEWOOD', 'TOWNHOMES']","['DALEWOOD', 'TOWNHOMES']",33,0.063,1,0.97
1,245,0,0,0,1,0.875,0.466666667,0.608695652,"[{'gt': 0, 'det': 0, 'correct': False}, {'gt': 1, 'det': 1, 'correct': False}, {'gt': 2, 'det': 2, 'correct': False}, {'gt': 5, 'det': 3, 'correct': False}, {'gt': 7, 'det': 4, 'correct': False}, {'gt': 8, 'det': 6, 'correct': False}, {'gt': 9, 'det': 7, 'correct': False}]","[[0.7992692711419127, 0.0, 0.0, 0.0, 0.0, 0.0, 0.0, 0.0], [0.0, 0.7446045139406874, 0.0, 0.0, 0.0, 0.0, 0.0, 0.0], [0.0, 0.0, 0.5051889395541806, 0.0, 0.0, 0.0, 0.0, 0.0], [0.0, 0.0, 0.3804462022042347, 0.0, 0.0, 0.0, 0.0, 0.0], [0.0, 0.0, 0.0, 0.0, 0.0, 0.0, 0.0, 0.0], [0.0, 0.0, 0.0, 0.505434559202062, 0.0, 0.0, 0.0, 0.0], [0.0, 0.0, 0.0, 0.30925613093641025, 0.0, 0.0, 0.0, 0.0], [0.0, 0.0, 0.0, 0.0, 0.8206943143834434, 0.01843100606607205, 0.0, 0.0], [0.0, 0.0, 0.0, 0.0, 0.0, 0.0, 0.7971389679801516, 0.0], [0.0, 0.0, 0.0, 0.0, 0.0, 0.0, 0.0001751961165894406, 0.6599311496413238], [0.0, 0.0, 0.0, 0.0, 0.0, 0.0992493169184694, 0.0, 0.0], [0.0, 0.0, 0.0, 0.0, 0.0, 0.0, 0.0, 0.0], [0.0, 0.0, 0.0, 0.0, 0.0, 0.1545498107364073, 0.0, 0.0], [0.0, 0.0, 0.0, 0.0, 0.0, 0.12443536015296129, 0.0, 0.0], [0.0, 0.0, 0.0, 0.0, 0.0, 0.1000748279421885, 0.0, 0.0]]","[[428, 346, 487, 321, 551, 315, 556, 280, 515, 279, 464, 294, 415, 312], [565, 310, 586, 310, 653, 313, 716, 328, 752, 351, 763, 316, 736, 303, 668, 285, 613, 279, 565, 282], [424, 405, 499, 409, 587, 402, 590, 378, 424, 372], [427, 430, 589, 435, 590, 411, 434, 405], [608, 432, 631, 406, 614, 391, 596, 408], [641, 421, 701, 421, 703, 391, 638, 391], [700, 418, 746, 420, 748, 397, 706, 397], [412, 490, 532, 490, 533, 463, 407, 460], [428, 588, 496, 588, 499, 558, 430, 555], [436, 588, 433, 612, 473, 618, 499, 613, 514, 610, 541, 583, 532, 568, 514, 580, 473, 594], [439, 516, 433, 496, 409, 510, 416, 526], [545, 496, 568, 495, 568, 465, 553, 463], [460, 496, 439, 499, 442, 517, 463, 513, 475, 522, 487, 504], [493, 498, 472, 519, 493, 531, 509, 526], [512, 526, 532, 522, 527, 498, 505, 507]]","[[[402.98701298701303, 311.1688311688312], [426.3636363636364, 344.935064935065], [531.5584415584416, 316.36363636363643], [560.1298701298701, 313.7662337662338], [549.7402597402598, 277.40259740259745], [434.1558441558442, 303.3766233766234]], [[564.025974025974, 283.89610389610397], [582.2077922077923, 317.66233766233773], [644.5454545454546, 313.7662337662338], [732.8571428571429, 339.7402597402598], [764.025974025974, 347.5324675324676], [764.025974025974, 304.6753246753247], [661.4285714285714, 277.40259740259745]], [[419.87012987012986, 378.70129870129875], [422.46753246753246, 403.3766233766234], [440.6493506493507, 434.54545454545456], [593.8961038961039, 428.0519480519481], [583.5064935064936, 374.80519480519484]], [[639.3506493506494, 392.98701298701303], [644.5454545454546, 420.2597402597403], [754.9350649350649, 420.2597402597403], [748.4415584415585, 390.3896103896104]], [[401.6883116883117, 460.51948051948057], [402.98701298701303, 491.6883116883117], [535.4545454545455, 490.3896103896104], [528.961038961039, 456.62337662337666]], [[409.48051948051955, 505.974025974026], [410.77922077922085, 534.5454545454546], [451.03896103896113, 528.0519480519481], [517.2727272727274, 531.948051948052], [538.0519480519481, 531.948051948052], [534.1558441558442, 487.7922077922078], [466.62337662337666, 487.7922077922078]], [[417.27272727272737, 554.025974025974], [427.6623376623377, 589.0909090909091], [495.1948051948052, 585.1948051948052], [492.5974025974026, 555.3246753246754]], [[438.0519480519481, 598.1818181818182], [438.0519480519481, 622.8571428571429], [535.4545454545455, 608.5714285714286], [534.1558441558442, 582.5974025974026]]]","['CAPILANO', 'MEMBERSHIPS', 'UNLIMITED', 'ADMISSION', 'FOR', '365', 'DAYS', 'DISCOUNTS', 'FREE', 'ADMISSION', 'AS', 'A', 'WELL', 'AS', 'ON']","['', '', '', '', '', '', '', '']",34,0.031,1,1.27
2,61,1,0.666666667,0.8,0.076923077,1,0.666666667,0.8,"[{'gt': 0, 'det': 0, 'correct': True}, {'gt': 2, 'det': 1, 'correct': True}]","[[0.7679516747413532, 0.0], [0.0, 0.0], [0.0, 0.8395966595100111]]","[[117, 96, 158, 72, 200, 70, 236, 86, 240, 68, 208, 50, 159, 51, 118, 77], [178, 121, 189, 121, 189, 105, 175, 105], [151, 154, 212, 146, 212, 129, 151, 136]]","[[[116.93548387096774, 74.19354838709677], [122.74193548387095, 95.16129032258064], [158.54838709677418, 72.58064516129032], [205.96774193548387, 72.25806451612902], [237.9032258064516, 86.77419354838709], [238.8709677419355, 65.16129032258064], [201.4516129032258, 46.774193548387096], [158.54838709677418, 44.516129032258064], [123.06451612903226, 66.77419354838709]], [[151.77419354838707, 133.8709677419355], [151.77419354838707, 154.19354838709677], [215.32258064516128, 144.19354838709677], [214.03225806451613, 127.41935483870967]]]","['MONTEREY', '2', 'FIRE']","['MONTEREY', 'FIRE']",34,0.031,1,1.27
3,205,1,1,1,0,1,1,1,"[{'gt': 0, 'det': 0, 'correct': True}, {'gt': 1, 'det': 1, 'correct': True}, {'gt': 2, 'det': 2, 'correct': True}, {'gt': 3, 'det': 3, 'correct': True}]","[[0.8329897773459349, 0.0, 0.0, 0.0], [0.0, 0.8421316406904542, 0.0, 0.0], [0.0, 0.0, 0.785324708716205, 0.0], [0.0, 0.0, 0.0, 0.9091413470174029]]","[[82, 104, 93, 88, 113, 65, 152, 44, 147, 20, 107, 33, 73, 53, 51, 92], [166, 42, 195, 43, 231, 56, 266, 82, 286, 111, 313, 106, 307, 87, 279, 46, 214, 16, 167, 15], [126, 144, 152, 138, 187, 137, 223, 145, 228, 127, 173, 116, 129, 120], [92, 258, 119, 276, 172, 283, 212, 279, 255, 258, 225, 234, 215, 242, 172, 247, 147, 249, 105, 232]]","[[[50.87903225806452, 96.77419354838709], [78.70161290322582, 101.61290322580645], [110.15322580645162, 66.53225806451613], [152.8951612903226, 44.75806451612903], [147.65322580645162, 19.35483870967742], [78.70161290322582, 52.41935483870967]], [[164.58870967741936, 18.548387096774196], [164.18548387096774, 43.9516129032258], [225.07258064516128, 50.0], [271.44354838709677, 81.45161290322581], [284.75, 106.85483870967742], [317.41129032258067, 100.40322580645162], [283.5403225806452, 47.58064516129032], [239.5887096774194, 24.596774193548388], [199.6693548387097, 14.919354838709678], [173.05645161290323, 15.725806451612904]], [[125.47580645161293, 121.37096774193549], [128.70161290322582, 139.51612903225805], [165.3951612903226, 135.48387096774192], [204.91129032258067, 136.29032258064515], [220.63709677419354, 142.74193548387098], [227.89516129032256, 123.79032258064515], [209.75, 118.54838709677419], [164.99193548387098, 116.53225806451613]], [[103.2983870967742, 235.48387096774192], [94.0241935483871, 247.58064516129033], [97.65322580645162, 265.32258064516134], [154.10483870967744, 281.85483870967744], [204.91129032258067, 280.241935483871], [254.50806451612902, 258.4677419354839], [225.8790322580645, 235.88709677419354], [174.26612903225808, 250.40322580645162], [136.76612903225808, 244.75806451612902]]]","['TEXAS', 'EMBASSY', 'LONDON', 'CANTINA']","['TEXAS', 'EMBASSY', 'LONDON', 'CANTINA']",34,0.031,1,1.27
3,181,1,1,1,0,1,1,1,"[{'gt': 0, 'det': 0, 'correct': True}, {'gt': 1, 'det': 1, 'correct': True}, {'gt': 2, 'det': 2, 'correct': True}]","[[0.8195666753410421, 0.0, 0.0], [0.0, 0.81741416686328, 0.0], [0.0, 0.0, 0.8868176854608951]]","[[500, 103, 528, 86, 605, 63, 720, 39, 729, 9, 714, 3, 569, 30, 477, 64], [474, 173, 507, 158, 554, 139, 639, 114, 742, 101, 749, 61, 609, 82, 503, 111, 462, 130], [445, 553, 560, 541, 778, 505, 765, 440, 556, 474, 444, 498]]","[[[474.43277310924367, 69.43697478991598], [503.844537815126, 105.57142857142856], [601.3235294117646, 67.7563025210084], [729.0546218487394, 40.8655462184874], [732.3905848053507, 0.0], [582.8361344537815, 24.899159663865547], [552.5840336134454, 28.260504201680668], [522.3319327731092, 45.90756302521009], [489.5588235294117, 54.3109243697479]], [[456.7857142857142, 134.98319327731093], [477.7941176470588, 177.8403361344538], [539.1386554621848, 147.58823529411765], [609.7268907563025, 125.73949579831933], [740.8193277310924, 108.0924369747899], [753.4243697478992, 64.39495798319328], [660.9873949579832, 68.59663865546219], [524.8529411764706, 108.9327731092437], [503.0042016806722, 104.73109243697479], [491.2394957983193, 115.65546218487395], [466.8697478991596, 122.37815126050421]], [[441.6596638655462, 499.68907563025215], [440.8756796836381, 553.0], [785.3571428571428, 508.93277310924367], [771.0714285714286, 441.7058823529412]]]","['WELCOME', 'BIENVENUE', 'PARLIAMENT']","['WELCOME', 'BIENVENUE', 'PARLIAMENT']",34,0.031,1,1.27
4,114,1,1,1,0,1,1,1,"[{'gt': 0, 'det': 0, 'correct': True}, {'gt': 1, 'det': 1, 'correct': True}]","[[0.8775391643934334, 0.0], [0.0, 0.7777399193140894]]","[[112, 260, 147, 247, 232, 232, 344, 230, 437, 232, 531, 265, 568, 211, 510, 185, 424, 167, 379, 169, 281, 166, 188, 175, 97, 203], [212, 291, 422, 291, 424, 267, 210, 266]]","[[[99.03225806451611, 202.5806451612903], [119.03225806451611, 254.19354838709677], [328.7096774193548, 227.74193548387095], [541.6129032258065, 262.5806451612903], [566.1290322580645, 214.19354838709677], [485.48387096774195, 176.1290322580645], [315.1612903225806, 161.29032258064515], [155.80645161290323, 176.77419354838707]], [[213.22580645161287, 267.0967741935484], [213.8709677419355, 295.48387096774195], [428.06451612903226, 295.48387096774195], [426.1290322580645, 263.2258064516129]]]","['DALEWOOD', 'TOWNHOMES']","['DALEWOOD', 'TOWNHOMES']",34,0.031,1,1.27
1,61,0,0,0,0.923076923,1,0.666666667,0.8,"[{'gt': 0, 'det': 0, 'correct': False}, {'gt': 2, 'det': 1, 'correct': False}]","[[0.7897048131116149, 0.0], [0.0, 0.0], [0.0, 0.8264398013168456]]","[[117, 96, 158, 72, 200, 70, 236, 86, 240, 68, 208, 50, 159, 51, 118, 77], [178, 121, 189, 121, 189, 105, 175, 105], [151, 154, 212, 146, 212, 129, 151, 136]]","[[[120.16129032258064, 73.87096774193547], [122.09677419354838, 93.87096774193547], [156.29032258064515, 74.19354838709677], [202.74193548387095, 69.03225806451613], [237.9032258064516, 87.74193548387096], [249.83870967741933, 63.225806451612904], [194.3548387096774, 47.096774193548384], [159.83870967741933, 48.38709677419355]], [[149.51612903225805, 133.8709677419355], [153.38709677419354, 155.16129032258064], [214.03225806451613, 147.4193548387097], [212.41935483870967, 128.38709677419357]]]","['MONTEREY', '2', 'FIRE']","['T', '']",35,0.016,1,1.57
2,205,0.75,0.75,0.75,0.24,0.75,0.75,0.75,"[{'gt': 0, 'det': 0, 'correct': True}, {'gt': 1, 'det': 1, 'correct': True}, {'gt': 3, 'det': 2, 'correct': True}]","[[0.8310966145216695, 0.0, 0.0, 0.0], [0.0, 0.8099085705615897, 0.0, 0.0], [0.0, 0.0, 0.0, 0.767653802423257], [0.0, 0.0, 0.8237445201676313, 0.0]]","[[82, 104, 93, 88, 113, 65, 152, 44, 147, 20, 107, 33, 73, 53, 51, 92], [166, 42, 195, 43, 231, 56, 266, 82, 286, 111, 313, 106, 307, 87, 279, 46, 214, 16, 167, 15], [126, 144, 152, 138, 187, 137, 223, 145, 228, 127, 173, 116, 129, 120], [92, 258, 119, 276, 172, 283, 212, 279, 255, 258, 225, 234, 215, 242, 172, 247, 147, 249, 105, 232]]","[[[54.104838709677416, 92.33870967741936], [77.08870967741936, 102.41935483870968], [103.2983870967742, 69.35483870967742], [143.21774193548387, 45.96774193548387], [157.73387096774195, 44.354838709677416], [139.58870967741936, 18.14516129032258], [73.45967741935485, 56.4516129032258], [57.73387096774194, 79.83870967741936]], [[165.7983870967742, 16.935483870967744], [168.6209677419355, 45.16129032258064], [249.26612903225805, 59.274193548387096], [287.9758064516129, 108.46774193548387], [319.4274193548387, 100.40322580645162], [284.3467741935484, 47.983870967741936], [225.07258064516128, 16.935483870967744], [173.45967741935485, 11.290322580645162]], [[101.68548387096774, 230.24193548387098], [89.18548387096774, 258.0645161290323], [170.23387096774195, 287.5], [252.49193548387098, 262.0967741935484], [225.07258064516128, 232.66129032258064], [164.58870967741936, 247.17741935483872], [124.26612903225808, 237.09677419354838]], [[122.65322580645162, 125.0], [131.5241935483871, 139.51612903225805], [229.50806451612902, 138.30645161290323], [229.50806451612902, 120.96774193548387], [165.7983870967742, 114.51612903225806], [128.2983870967742, 120.16129032258064]]]","['TEXAS', 'EMBASSY', 'LONDON', 'CANTINA']","['TEXAS', 'EMBASSY', 'CANTINA', 'LON']",35,0.016,1,1.57
3,184,0.666667,0.4,0.5,0.727273,0.666667,0.4,0.5,"[{'gt': 0, 'det': 0, 'correct': True}, {'gt': 1, 'det': 1, 'correct': True}]","[[0.8802315866539723, 0.0, 0.0], [0.0, 0.7130434980313607, 0.0], [0.0, 0.0, 0.8673048504807189], [0.0, 0.0, 0.0], [0.0, 0.0, 0.0]]","[[165, 138, 294, 108, 300, 65, 159, 97], [316, 109, 376, 104, 386, 56, 317, 63], [398, 98, 473, 97, 550, 103, 648, 120, 717, 135, 722, 95, 679, 80, 494, 53, 403, 57], [148, 196, 230, 191, 230, 165, 164, 163], [629, 189, 716, 195, 721, 164, 637, 164]]","[[[165.4651162790698, 95.65891472868216], [163.91472868217056, 133.64341085271317], [302.67441860465124, 108.06201550387595], [300.34883720930236, 67.75193798449612], [174.76744186046514, 92.55813953488371]], [[317.4031007751939, 65.42635658914728], [313.5271317829458, 94.88372093023256], [384.0697674418605, 101.08527131782947], [377.093023255814, 59.22480620155039]], [[398.02325581395354, 63.100775193798455], [399.57364341085275, 97.2093023255814], [582.5193798449612, 107.28682170542635], [721.2790697674418, 131.31782945736435], [716.6279069767442, 84.80620155038758], [531.3565891472869, 53.79844961240309]]]","['PORT', 'OF', 'NEWCASTLE', 'EST', '1838']","['PORT', 'OF', 'CL']",35,0.016,1,1.57
4,95,0,0,0,1,0,0,0,[],"[[0.0, 0.0, 0.0, 0.0, 0.0, 0.0, 0.8632523594299535, 0.0, 0.0], [0.0, 0.0, 0.0, 0.0, 0.0, 0.0, 0.0, 0.8556839526367397, 0.0], [0.0, 0.0, 0.0, 0.0, 0.0, 0.0, 0.0, 0.0, 0.0], [0.0, 0.0, 0.0, 0.0, 0.0, 0.0, 0.0, 0.0, 0.0], [0.8849039492926649, 0.0, 0.0, 0.0, 0.0, 0.0, 0.0, 0.0, 0.0], [0.0, 0.8390418195151286, 0.0, 0.0, 0.0, 0.0, 0.0, 0.0, 0.0], [0.0, 0.0, 0.0, 0.40924910826875033, 0.25738785798923947, 0.0, 0.0, 0.0, 0.0], [0.0, 0.0, 0.5293860884677886, 0.0, 0.0, 0.0, 0.0, 0.0, 0.0]]","[[226, 131, 288, 128, 345, 132, 341, 108, 281, 101, 223, 102], [358, 136, 415, 151, 472, 175, 478, 156, 426, 131, 359, 111], [213, 179, 269, 166, 334, 167, 334, 146, 275, 142, 197, 152], [360, 173, 431, 190, 494, 223, 497, 200, 439, 174, 359, 150], [124, 248, 184, 225, 247, 213, 236, 178, 177, 189, 108, 215], [260, 212, 325, 204, 389, 214, 391, 185, 323, 172, 253, 175], [424, 221, 481, 249, 539, 289, 546, 265, 504, 229, 426, 193], [307, 246, 357, 246, 413, 257, 418, 237, 367, 212, 304, 213]]","[[[104.54545454545459, 221.96969696969697], [130.00000000000003, 246.8181818181818], [186.36363636363637, 221.36363636363637], [242.72727272727275, 212.27272727272728], [237.2727272727273, 177.12121212121212], [146.969696969697, 199.54545454545456]], [[253.03030303030306, 177.72727272727275], [253.63636363636363, 204.3939393939394], [324.54545454545456, 202.5757575757576], [393.03030303030306, 215.9090909090909], [387.57575757575756, 185.0], [295.4545454545455, 172.27272727272728]], [[305.75757575757575, 213.4848484848485], [308.1818181818182, 238.93939393939394], [370.6060606060606, 241.96969696969697], [381.5151515151515, 212.87878787878788], [312.42424242424244, 213.4848484848485]], [[419.6969696969697, 202.5757575757576], [419.6969696969697, 226.21212121212122], [481.51515151515156, 251.06060606060606], [485.1515151515152, 220.75757575757578], [441.5151515151515, 200.15151515151516]], [[511.2121212121212, 241.36363636363637], [501.51515151515156, 268.6363636363637], [549.3939393939394, 295.90909090909093], [552.4242424242424, 262.5757575757576]], [[46.96969696969699, 163.1818181818182], [33.63636363636366, 274.69696969696975], [73.03030303030306, 280.1515151515152], [90.00000000000003, 168.63636363636365]], [[219.09090909090912, 97.12121212121215], [217.87878787878788, 128.63636363636365], [343.93939393939394, 129.84848484848487], [343.33333333333337, 106.21212121212125]], [[358.4848484848485, 110.45454545454548], [350.6060606060606, 132.8787878787879], [476.6666666666667, 172.8787878787879], [476.6666666666667, 149.84848484848487]], [[26.363636363636395, 290.4545454545455], [22.727272727272755, 308.03030303030306], [82.12121212121215, 313.4848484848485], [79.69696969696972, 278.939393939394], [28.787878787878817, 281.969696969697]]]","['SANTA', 'MONICA', 'YACHT', 'HARBOR', 'SPORT', 'FISHING', 'BOATING', 'CAFES']","['IACT', '', '', '', '', '', '', '', '']",35,0.016,1,1.57
5,146,0.75,0.5,0.6,0.464285714,0.75,0.5,0.6,"[{'gt': 1, 'det': 1, 'correct': True}, {'gt': 2, 'det': 2, 'correct': True}, {'gt': 3, 'det': 3, 'correct': True}]","[[0.7844242235193648, 0.0, 0.0, 0.0], [0.0, 0.7551261086177952, 0.0, 0.0], [0.0, 0.0, 0.8189716241938685, 0.0], [0.0, 0.0, 0.0, 0.8089911909733113], [0.0, 0.0, 0.0, 0.0], [0.0, 0.0, 0.0, 0.0]]","[[110, 203, 182, 153, 304, 128, 299, 61, 166, 93, 74, 149], [323, 120, 375, 125, 460, 148, 552, 207, 583, 155, 459, 82, 333, 64], [118, 343, 213, 382, 330, 395, 339, 330, 245, 325, 128, 280], [372, 395, 449, 384, 541, 339, 511, 284, 432, 323, 354, 333], [487, 255, 538, 273, 555, 228, 519, 214, 491, 221], [95, 248, 112, 249, 128, 271, 137, 271, 153, 217, 105, 217]]","[[[112.57575757575758, 208.74242424242422], [208.33333333333331, 154.1969696969697], [310.1515151515151, 131.77272727272725], [299.2424242424242, 49.95454545454545], [107.7272727272727, 108.13636363636364], [73.18181818181817, 151.16666666666666]], [[328.3333333333333, 128.13636363636363], [425.9090909090909, 148.13636363636363], [550.1515151515151, 210.56060606060603], [579.8484848484848, 149.95454545454544], [521.6666666666666, 105.10606060606061], [447.7272727272727, 72.98484848484848], [324.69696969696963, 56.015151515151516]], [[136.8181818181818, 279.6515151515151], [221.66666666666663, 311.77272727272725], [342.8787878787878, 332.98484848484844], [328.3333333333333, 403.8939393939394], [211.96969696969694, 389.95454545454544], [107.7272727272727, 343.28787878787875], [127.7272727272727, 276.0151515151515]], [[351.96969696969694, 334.80303030303025], [365.30303030303025, 399.6515151515151], [431.3636363636363, 391.16666666666663], [516.2121212121211, 361.46969696969694], [546.5151515151515, 317.2272727272727], [508.9393939393939, 280.25757575757575], [423.48484848484844, 315.4090909090909]]]","['INDIAN', 'HARBOR', 'YACHT', 'CLUB', '1889', 'ORG']","['INDLAN', 'HARBOR', 'YACHT', 'CLUB']",35,0.016,1,1.57
1,24,1,1,1,0,1,1,1,"[{'gt': 6, 'det': 0, 'correct': True}, {'gt': 3, 'det': 1, 'correct': True}, {'gt': 0, 'det': 2, 'correct': True}, {'gt': 7, 'det': 3, 'correct': True}, {'gt': 4, 'det': 4, 'correct': True}, {'gt': 5, 'det': 5, 'correct': True}, {'gt': 1, 'det': 6, 'correct': True}, {'gt': 2, 'det': 7, 'correct': True}]","[[0.0, 0.0, 0.7024302604313324, 0.0, 0.0, 0.0, 0.0, 0.0], [0.0, 0.0, 0.0, 0.0, 0.0, 0.0, 0.7847067090691638, 0.021308524704838905], [0.0, 0.0, 0.0, 0.0, 0.0, 0.0, 0.0, 0.7310635934124967], [0.0, 0.8090149928086727, 0.0, 0.0, 0.0, 0.0, 0.0, 0.0], [0.0, 0.0, 0.0, 0.0, 0.5751600245513767, 0.004661293670922155, 0.0, 0.0], [0.0, 0.0, 0.0, 0.0, 0.0, 0.7125314355470526, 0.0, 0.0], [0.8384769907964993, 0.0, 0.0, 0.0, 0.0, 0.0, 0.0, 0.0], [0.0, 0.0, 0.0, 0.8165187159988657, 0.0, 0.0, 0.0, 0.0]]","[[21, 578, 75, 579, 76, 552, 21, 551], [204, 297, 228, 269, 255, 269, 256, 250, 214, 253, 186, 286], [253, 271, 274, 278, 287, 292, 297, 287, 284, 263, 261, 249], [216, 322, 273, 322, 273, 290, 211, 292], [206, 356, 224, 367, 247, 366, 246, 352, 230, 356, 213, 343], [250, 370, 267, 367, 281, 357, 274, 340, 264, 350, 250, 352], [399, 378, 565, 380, 567, 253, 389, 258], [469, 585, 565, 586, 565, 556, 467, 556]]","[[[389.66438356164383, 264.2739726027398], [392.4041095890411, 297.1506849315069], [423.91095890410963, 304.00000000000006], [425.2808219178082, 384.8219178082192], [467.7465753424658, 384.8219178082192], [474.595890410959, 367.013698630137], [529.3904109589042, 384.8219178082192], [566.0, 383.46600710299344], [566.0, 251.9452054794521]], [[211.58219178082197, 294.41095890410963], [211.58219178082197, 324.5479452054795], [280.07534246575347, 321.80821917808225], [278.7054794520549, 287.56164383561645]], [[17.06164383561645, 545.0958904109589], [18.431506849315042, 577.972602739726], [81.44520547945206, 576.6027397260274], [77.33561643835617, 546.4657534246575]], [[462.2671232876712, 557.4246575342465], [462.2671232876712, 587.5616438356165], [566.0, 588.8583047945206], [566.0, 557.4246575342465]], [[214.32191780821915, 340.98630136986304], [206.10273972602738, 350.57534246575347], [219.80136986301375, 367.013698630137], [238.9794520547946, 371.1232876712329], [248.56849315068496, 371.1232876712329], [240.34931506849318, 349.2054794520548]], [[243.08904109589048, 349.2054794520548], [251.30821917808225, 371.1232876712329], [259.52739726027403, 369.7534246575343], [281.44520547945206, 356.054794520548], [278.7054794520549, 339.6164383561644], [267.7465753424658, 349.2054794520548]], [[189.0, 292.0], [206.0, 294.0], [222.0, 267.0], [253.0, 267.0], [255.0, 248.0], [211.0, 256.0], [195.0, 273.0]], [[256.0, 249.0], [250.0, 267.0], [268.0, 272.0], [276.0, 279.0], [284.0, 291.0], [299.0, 292.0], [294.0, 273.0], [279.0, 258.0]]]","['apm', 'AUTHENTIC', 'BAKERY', 'TLJ', 'SINCE', '1997', 'TO', 'TOUS']","['TO', 'TLJ', 'APM', 'TOUS', 'SINCE', '1997', 'AUTHENTIC', 'BAKERY']",36,1,0.355,-0.19
2,24,0.888888889,1,0.941176471,0,0.888888889,1,0.941176471,"[{'gt': 0, 'det': 7, 'correct': True}, {'gt': 1, 'det': 0, 'correct': True}, {'gt': 2, 'det': 4, 'correct': True}, {'gt': 3, 'det': 1, 'correct': True}, {'gt': 4, 'det': 2, 'correct': True}, {'gt': 5, 'det': 3, 'correct': True}, {'gt': 6, 'det': 5, 'correct': True}, {'gt': 7, 'det': 6, 'correct': True}]","[[0.0, 0.0, 0.0, 0.0, 0.0, 0.0, 0.0, 0.5972004607099498, 0.0], [0.768245239515442, 6.814224326361651e-05, 0.0, 0.0, 0.0, 0.0, 0.0, 0.0, 0.0], [0.0, 0.0, 0.0, 0.0, 0.7391950453255623, 0.0, 0.0, 0.0, 0.0], [0.0, 0.8294477188707682, 0.0, 0.0, 0.0, 0.0, 0.0, 0.0, 0.0], [0.0, 0.0, 0.6390560621522607, 0.0, 0.0, 0.0, 0.0, 0.0, 0.0], [0.0, 0.0, 0.0, 0.66975011090804, 0.0, 0.0, 0.0, 0.0, 0.0], [0.0, 0.0, 0.0, 0.0, 0.0, 0.9265110140797687, 0.0, 0.0, 0.0], [0.0, 0.0, 0.0, 0.0, 0.0, 0.0, 0.8197782269553671, 0.0, 0.0]]","[[21, 578, 75, 579, 76, 552, 21, 551], [204, 297, 228, 269, 255, 269, 256, 250, 214, 253, 186, 286], [253, 271, 274, 278, 287, 292, 297, 287, 284, 263, 261, 249], [216, 322, 273, 322, 273, 290, 211, 292], [206, 356, 224, 367, 247, 366, 246, 352, 230, 356, 213, 343], [250, 370, 267, 367, 281, 357, 274, 340, 264, 350, 250, 352], [399, 378, 565, 380, 567, 253, 389, 258], [469, 585, 565, 586, 565, 556, 467, 556]]","[[[193.77397260273972, 293.041095890411], [212.95205479452056, 288.9315068493151], [221.17123287671234, 272.49315068493155], [252.67808219178085, 267.013698630137], [254.04794520547944, 245.09589041095893], [217.06164383561645, 251.9452054794521], [196.51369863013701, 267.013698630137]], [[213.0, 299.0], [214.0, 322.0], [277.0, 322.0], [277.0, 287.0], [211.0, 288.0]], [[208.0, 344.0], [201.0, 351.0], [221.0, 367.0], [248.0, 370.0], [246.0, 351.0], [228.0, 351.0], [216.0, 336.0]], [[247.0, 351.0], [251.0, 368.0], [275.0, 361.0], [278.0, 343.0], [268.0, 343.0]], [[259.0, 253.0], [258.0, 268.0], [274.0, 280.0], [284.0, 291.0], [294.0, 291.0], [294.0, 275.0], [279.0, 252.0]], [[389.0, 265.0], [397.0, 373.0], [566.0, 374.92045454545456], [566.0, 247.0]], [[463.0, 556.0], [462.0, 587.0], [566.0, 588.925925925926], [566.0, 559.0]], [[17.0, 545.0], [17.0, 571.0], [80.0, 571.0], [77.0, 552.0]], [[382.0, 654.0], [390.0, 746.0], [460.0, 744.0], [444.0, 647.0]]]","['APM', 'AUTHENTIC', 'BAKERY', 'TLJ', 'SINCE', '1997', 'TO', 'TOUS']","['AUTHENTIC', 'TLJ', 'SINCE', '1997', 'BAKERY', 'TO', 'TOUS', 'APM', '']",36,1,0.355,-0.19
3,299,1,1,1,0,1,1,1,"[{'gt': 0, 'det': 0, 'correct': True}, {'gt': 1, 'det': 1, 'correct': True}, {'gt': 2, 'det': 2, 'correct': True}, {'gt': 3, 'det': 3, 'correct': True}, {'gt': 4, 'det': 4, 'correct': True}, {'gt': 5, 'det': 5, 'correct': True}, {'gt': 6, 'det': 6, 'correct': True}]","[[0.7761750974716903, 0.011409243677932307, 0.0, 0.0, 0.0, 0.0, 0.0], [0.013191025379015711, 0.836714855073505, 0.0, 0.0, 0.0, 0.0, 0.0], [0.0, 0.0, 0.8714925285629211, 0.0, 0.0, 0.0, 0.0], [0.0, 0.0, 0.0, 0.8355958145807046, 0.0, 0.0, 0.0], [0.0, 0.0, 0.0, 0.0, 0.9058812911612658, 0.0, 0.0], [0.0, 0.0, 0.0, 0.0, 0.0, 0.7784317716422379, 0.0], [0.0, 0.0, 0.0, 0.0, 0.0, 0.0, 0.8029430989653373]]","[[234, 664, 483, 589, 730, 655, 753, 513, 483, 466, 207, 496], [402, 649, 477, 640, 568, 649, 582, 595, 492, 589, 405, 604], [435, 694, 558, 693, 562, 666, 423, 666], [258, 753, 313, 784, 384, 810, 393, 763, 339, 745, 279, 709], [213, 793, 301, 847, 400, 873, 412, 816, 318, 793, 241, 759], [583, 801, 651, 774, 718, 744, 688, 708, 637, 742, 592, 757], [573, 873, 682, 843, 765, 795, 744, 744, 648, 790, 555, 820]]","[[[220.90909090909093, 500.7792207792208], [254.67532467532476, 546.2337662337662], [244.28571428571433, 591.6883116883117], [241.68831168831173, 629.3506493506494], [280.6493506493507, 655.3246753246754], [328.7012987012987, 644.9350649350649], [353.37662337662346, 615.0649350649351], [449.48051948051955, 598.1818181818182], [553.3766233766235, 596.8831168831169], [672.8571428571429, 630.6493506493507], [719.6103896103897, 644.9350649350649], [730.0, 531.948051948052], [761.1688311688312, 531.948051948052], [709.2207792207793, 503.3766233766234], [649.4805194805195, 499.48051948051955], [655.974025974026, 516.3636363636364], [533.8961038961039, 491.6883116883117], [371.5584415584416, 500.7792207792208], [355.97402597402606, 489.0909090909091], [297.53246753246754, 485.1948051948052]], [[406.62337662337666, 599.4805194805195], [410.51948051948057, 642.3376623376623], [494.93506493506493, 639.7402597402598], [574.1558441558442, 643.6363636363636], [570.2597402597403, 598.1818181818182], [478.0519480519481, 591.6883116883117]], [[426.1038961038961, 668.3116883116884], [430.0, 692.987012987013], [563.7662337662338, 695.5844155844156], [562.4675324675325, 661.8181818181819]], [[274.1558441558442, 713.7662337662338], [258.57142857142856, 746.2337662337662], [291.03896103896113, 764.4155844155845], [302.72727272727275, 783.8961038961039], [320.909090909091, 783.8961038961039], [384.5454545454546, 804.6753246753248], [396.23376623376623, 764.4155844155845], [300.12987012987014, 729.3506493506494]], [[300.12987012987014, 785.1948051948052], [239.09090909090912, 755.3246753246754], [214.41558441558448, 792.987012987013], [274.1558441558442, 835.8441558441559], [398.83116883116884, 870.909090909091], [410.51948051948057, 817.6623376623377], [331.2987012987013, 800.7792207792209]], [[580.6493506493507, 764.4155844155845], [596.2337662337662, 802.0779220779222], [653.3766233766235, 783.8961038961039], [717.0129870129871, 744.9350649350649], [691.038961038961, 712.4675324675325], [639.0909090909091, 737.1428571428572]], [[557.2727272727273, 822.8571428571429], [575.4545454545455, 869.6103896103897], [681.948051948052, 838.4415584415585], [765.0649350649352, 783.8961038961039], [739.0909090909091, 748.8311688311688], [683.2467532467533, 781.2987012987013], [604.025974025974, 812.4675324675325]]]","['STMARTIN', 'BKK', '1999', 'TATTOO', 'KHAOSAN', 'STUDIO', 'THAILAND']","['STMARTIN', 'BKK', '1999', 'TATTOO', 'KHAOSAN', 'STUDIO', 'THAILAND']",36,1,0.355,-0.19
4,2,1,1,1,0,1,1,1,"[{'gt': 0, 'det': 0, 'correct': True}, {'gt': 1, 'det': 1, 'correct': True}]","[[0.8330967501882548, 0.0], [0.0, 0.8524022972107077]]","[[16, 548, 168, 535, 364, 550, 357, 503, 166, 486, 12, 507], [424, 555, 503, 568, 576, 593, 576, 553, 518, 532, 427, 512]]","[[[6.270833333333314, 504.8333333333333], [8.354166666666643, 551.7083333333334], [112.52083333333333, 542.3333333333334], [275.0208333333333, 543.3750000000001], [378.1458333333333, 551.7083333333334], [361.47916666666663, 497.5416666666667], [226.0625, 486.0833333333333], [83.35416666666664, 491.2916666666667]], [[422.9375, 514.2083333333334], [421.89583333333337, 551.7083333333334], [480.22916666666663, 562.1250000000001], [541.6875, 581.9166666666667], [583.3541666666666, 596.5000000000001], [578.1458333333334, 547.5416666666667], [504.1875, 524.6250000000001]]]","['GEMBIRA', 'LOKA']","['GEMBIRA', 'LOKA']",36,1,0.355,-0.19
4,24,0.8,1,0.888888889,0,0.8,1,0.888888889,"[{'gt': 0, 'det': 2, 'correct': True}, {'gt': 1, 'det': 9, 'correct': True}, {'gt': 2, 'det': 8, 'correct': True}, {'gt': 3, 'det': 1, 'correct': True}, {'gt': 4, 'det': 6, 'correct': True}, {'gt': 5, 'det': 7, 'correct': True}, {'gt': 6, 'det': 0, 'correct': True}, {'gt': 7, 'det': 3, 'correct': True}]","[[0.0, 0.0, 0.6760692603509868, 0.0, 0.0, 0.0, 0.0, 0.0, 0.0, 0.0], [0.0, 1.3583539876655115e-05, 0.0, 0.0, 0.0, 0.0, 0.0, 0.0, 0.008695011421413318, 0.6695740555082432], [0.0, 0.0, 0.0, 0.0, 0.0, 0.0, 0.0, 0.0, 0.7186854936193023, 0.0], [0.0, 0.6273911362002201, 0.0, 0.0, 0.0, 0.0, 0.0, 0.0, 0.0, 0.0], [0.0, 0.0, 0.0, 0.0, 0.0, 0.0, 0.6851032911395666, 0.0023252967812997173, 0.0, 0.0], [0.0, 0.0, 0.0, 0.0, 0.0, 0.0, 0.0, 0.7337804410449212, 0.0, 0.0], [0.9096845364499749, 0.0, 0.0, 0.0, 0.0, 0.0, 0.0, 0.0, 0.0, 0.0], [0.0, 0.0, 0.0, 0.7836113642361353, 0.0, 0.0, 0.0, 0.0, 0.0, 0.0]]","[[21, 578, 75, 579, 76, 552, 21, 551], [204, 297, 228, 269, 255, 269, 256, 250, 214, 253, 186, 286], [253, 271, 274, 278, 287, 292, 297, 287, 284, 263, 261, 249], [216, 322, 273, 322, 273, 290, 211, 292], [206, 356, 224, 367, 247, 366, 246, 352, 230, 356, 213, 343], [250, 370, 267, 367, 281, 357, 274, 340, 264, 350, 250, 352], [399, 378, 565, 380, 567, 253, 389, 258], [469, 585, 565, 586, 565, 556, 467, 556]]","[[[388.29452054794524, 269.75342465753425], [388.29452054794524, 301.26027397260276], [404.7328767123288, 304.00000000000006], [408.8424657534247, 379.3424657534247], [566.0, 379.3424657534247], [566.0, 250.57534246575347]], [[204.7328767123288, 295.7808219178082], [206.10273972602738, 310.8493150684932], [204.7328767123288, 328.6575342465754], [282.81506849315076, 324.5479452054795], [282.81506849315076, 290.30136986301375]], [[17.0, 549.0], [18.0, 575.0], [78.0, 575.0], [79.0, 545.0]], [[471.0, 558.0], [471.0, 588.0], [566.0, 588.0], [566.0, 561.0]], [[388.0, 702.0], [392.0, 738.0], [457.0, 735.0], [453.0, 704.0]], [[428.0, 656.0], [429.0, 696.0], [438.0, 696.0], [438.0, 654.0]], [[212.0, 342.0], [205.0, 350.0], [215.0, 363.0], [247.0, 371.0], [247.0, 354.0]], [[245.0, 351.0], [249.0, 371.0], [266.0, 365.0], [282.0, 353.0], [272.0, 344.0], [255.0, 353.0]], [[255.0, 253.0], [253.0, 265.0], [273.0, 277.0], [285.0, 287.0], [299.0, 295.0], [294.0, 271.0], [275.0, 257.0]], [[191.0, 287.0], [202.0, 291.0], [221.0, 274.0], [249.0, 262.0], [252.0, 245.0], [224.0, 249.0], [192.0, 274.0]]]","['APM', 'AUTHENTIC', 'BAKERY', 'TLJ', 'SINCE', '1997', 'TO', 'TOUS']","['TO', 'TLJ', 'APM', 'TOUS', '', '', 'SINCE', '1997', 'BAKERY', 'AUTHENTIC']",36,1,0.355,-0.19
4,166,0.75,0.75,0.75,0.222222222,0.75,0.75,0.75,"[{'gt': 0, 'det': 0, 'correct': True}, {'gt': 1, 'det': 1, 'correct': True}, {'gt': 2, 'det': 2, 'correct': True}]","[[0.7589552014429778, 0.0, 0.0, 0.0], [0.0, 0.712329347458222, 0.0, 0.0], [0.0, 0.0, 0.7775025753407049, 0.0], [0.0, 0.0, 0.0, 0.6992808911752988]]","[[45, 141, 97, 121, 91, 93, 37, 119], [108, 113, 136, 113, 203, 122, 209, 99, 195, 78, 114, 77], [56, 153, 181, 140, 182, 125, 56, 138], [110, 175, 129, 176, 132, 163, 111, 166]]","[[[38.54838709677419, 119.99999999999999], [41.7741935483871, 140.0], [63.38709677419355, 127.41935483870967], [97.25806451612904, 117.09677419354838], [89.83870967741935, 96.77419354838709], [61.45161290322581, 104.83870967741935]], [[112.0967741935484, 79.35483870967741], [106.93548387096776, 95.48387096774192], [109.83870967741935, 114.19354838709677], [149.83870967741933, 110.32258064516128], [206.93548387096774, 122.9032258064516], [200.1612903225806, 80.64516129032258], [183.38709677419354, 80.32258064516128], [182.4193548387097, 89.35483870967741], [127.25806451612904, 89.03225806451613], [123.70967741935483, 77.09677419354838]], [[57.58064516129032, 138.38709677419357], [58.22580645161291, 149.67741935483872], [178.8709677419355, 143.5483870967742], [179.83870967741933, 127.74193548387096]], [[113.38709677419355, 166.7741935483871], [112.41935483870968, 175.16129032258064], [130.16129032258067, 174.51612903225808], [129.19354838709677, 164.51612903225808]]]","['SUN', 'FRESH', 'MARKET', '4001']","['SUN', 'FRESH', 'MARKET', 'A001']",36,1,0.355,-0.19
5,184,1,1,1,0,1,1,1,"[{'gt': 0, 'det': 2, 'correct': True}, {'gt': 1, 'det': 3, 'correct': True}, {'gt': 2, 'det': 4, 'correct': True}, {'gt': 3, 'det': 0, 'correct': True}, {'gt': 4, 'det': 1, 'correct': True}]","[[0.0, 0.0, 0.7947982142105038, 0.0, 0.0], [0.0, 0.0, 0.0, 0.8858079793212508, 0.0], [0.0, 0.0, 0.0, 0.0, 0.8793593663554838], [0.6639762721225133, 0.0, 0.0, 0.0, 0.0], [0.0, 0.7393887487664538, 0.0, 0.0, 0.0]]","[[165, 138, 294, 108, 300, 65, 159, 97], [316, 109, 376, 104, 386, 56, 317, 63], [398, 98, 473, 97, 550, 103, 648, 120, 717, 135, 722, 95, 679, 80, 494, 53, 403, 57], [148, 196, 230, 191, 230, 165, 164, 163], [629, 189, 716, 195, 721, 164, 637, 164]]","[[[155.38759689922483, 158.44961240310076], [153.83720930232562, 201.08527131782947], [236.00775193798452, 197.98449612403098], [225.15503875968994, 158.44961240310076]], [[633.6821705426356, 157.67441860465115], [632.1317829457364, 194.10852713178295], [725.9302325581396, 191.78294573643413], [719.7286821705426, 159.22480620155036]], [[161.58914728682174, 139.84496124031008], [303.44961240310084, 108.83720930232559], [300.34883720930236, 61.55038759689921], [156.93798449612407, 88.68217054263565]], [[319.7286821705427, 109.6124031007752], [377.093023255814, 104.96124031007753], [381.7441860465117, 53.02325581395348], [311.20155038759697, 63.87596899224806]], [[401.89922480620163, 103.41085271317829], [534.4573643410853, 103.41085271317829], [721.2790697674418, 135.1937984496124], [717.4031007751938, 85.58139534883722], [517.4031007751938, 53.79844961240309], [394.1472868217055, 53.79844961240309]]]","['PORT', 'OF', 'NEWCASTLE', 'EST', '1838']","['EST', '1838', 'PORT', 'OF', 'NEWCASTLE']",36,1,0.355,-0.19
5,268,1,1,1,0,1,1,1,"[{'gt': 0, 'det': 5, 'correct': True}, {'gt': 1, 'det': 6, 'correct': True}, {'gt': 2, 'det': 3, 'correct': True}, {'gt': 3, 'det': 1, 'correct': True}, {'gt': 4, 'det': 7, 'correct': True}, {'gt': 5, 'det': 2, 'correct': True}, {'gt': 6, 'det': 0, 'correct': True}, {'gt': 7, 'det': 4, 'correct': True}]","[[0.0, 0.0, 0.0, 0.0, 0.0, 0.8588344489041058, 0.0018458820851132882, 0.0], [0.0, 0.0, 0.0, 0.0, 0.0, 0.0, 0.850578858353596, 0.0], [0.0, 0.0, 0.0, 0.6208195850280162, 0.06066606144516427, 0.0, 0.0, 0.0], [0.0, 0.7249022007744993, 0.0, 0.0, 0.0, 0.0, 0.0, 0.0], [0.0, 0.0, 0.0, 0.0, 0.0, 0.0, 0.0, 0.7055227649336462], [0.0, 0.0, 0.9220828857906556, 0.0, 0.0, 0.0, 0.0, 0.0], [0.7641494392091758, 0.0, 0.0, 0.0, 0.0, 0.0, 0.0, 0.0], [0.0, 0.0, 0.0, 0.0, 0.6670627286768884, 0.0, 0.0, 0.0]]","[[714, 261, 784, 261, 854, 261, 854, 237, 784, 237, 714, 237], [721, 287, 783, 287, 844, 287, 844, 264, 783, 264, 721, 264], [611, 326, 645, 326, 679, 326, 679, 306, 645, 306, 611, 306], [330, 126, 373, 126, 416, 126, 416, 99, 373, 99, 330, 99], [763, 312, 783, 312, 803, 312, 803, 293, 783, 293, 763, 293], [122, 278, 313, 216, 685, 237, 820, 187, 799, 125, 668, 164, 300, 130, 137, 178], [268, 130, 329, 125, 330, 98, 264, 98], [671, 331, 697, 335, 700, 304, 672, 304]]","[[[266.5871559633028, 93.29357798165142], [266.5871559633028, 124.48623853211014], [327.1376146788991, 125.40366972477068], [325.302752293578, 95.12844036697253]], [[333.559633027523, 95.12844036697253], [418.88073394495416, 94.21100917431197], [418.88073394495416, 129.99082568807341], [333.559633027523, 129.07339449541288]], [[133.55963302752295, 173.11009174311928], [123.4678899082569, 278.6146788990826], [255.57798165137618, 223.56880733944956], [388.605504587156, 215.3119266055046], [544.5688073394496, 230.90825688073397], [650.0733944954129, 238.24770642201838], [738.1467889908257, 219.89908256880736], [817.9633027522935, 174.9449541284404], [804.2018348623853, 118.98165137614683], [705.1192660550458, 157.51376146788994], [624.3853211009174, 162.1009174311927], [511.5412844036697, 155.67889908256885], [408.78899082568813, 140.08256880733947], [306.954128440367, 129.99082568807341], [189.52293577981652, 158.4311926605505]], [[610.6238532110092, 301.55045871559633], [605.1192660550458, 330.908256880734], [667.5045871559633, 326.3211009174312], [669.3394495412845, 301.55045871559633]], [[676.6788990825688, 301.55045871559633], [670.256880733945, 329.9908256880734], [693.1926605504588, 329.9908256880734], [695.9449541284404, 302.4678899082569]], [[717.045871559633, 263.9357798165138], [853.743119266055, 261.1834862385321], [850.0733944954128, 232.74311926605506], [714.2935779816514, 238.24770642201838]], [[720.7155963302753, 285.954128440367], [846.4036697247707, 285.954128440367], [838.1467889908257, 260.26605504587155], [719.7981651376147, 263.0183486238532]], [[769.3394495412844, 290.54128440366975], [768.4220183486239, 313.4770642201835], [807.8715596330276, 312.559633027523], [803.2844036697247, 291.4587155963303]]]","['CREATION', 'MUSEUM', 'EXIT', 'KEEN', 'ORG', 'ANKYLOSAURUS', 'THE', '11']","['THE', 'KEEN', 'ANKYLOSAURUS', 'EXIT', '11', 'CREATION', 'MUSEUM', 'ORG']",36,1,0.355,-0.19
1,276,1,1,1,0,1,1,1,"[{'gt': 2, 'det': 0, 'correct': True}, {'gt': 3, 'det': 1, 'correct': True}, {'gt': 4, 'det': 2, 'correct': True}, {'gt': 5, 'det': 3, 'correct': True}, {'gt': 6, 'det': 4, 'correct': True}, {'gt': 7, 'det': 5, 'correct': True}, {'gt': 8, 'det': 7, 'correct': True}]","[[0.0, 0.0, 0.0, 0.0, 0.0, 0.0, 0.0, 0.0], [0.0, 0.0, 0.0, 0.0, 0.0, 0.0, 0.8274455963764454, 0.0], [0.7758258161448067, 0.0, 0.0, 0.0, 0.0, 0.0, 0.0, 0.0], [0.0, 0.8086820479197838, 0.0, 0.0, 0.0, 0.0, 0.0, 0.0], [0.0, 0.0, 0.8297246838891542, 0.0, 0.0, 0.0, 0.0, 0.0], [0.0, 0.0, 0.0, 0.6415382701022495, 0.04175327142237263, 0.0, 0.0, 0.0], [0.0, 0.0, 0.0, 0.0, 0.8173863804195898, 0.009799090306588059, 0.0, 0.0], [0.0, 0.0, 0.0, 0.0, 0.0, 0.770212230375056, 0.0, 0.0], [0.0, 0.0, 0.0, 0.0, 0.0, 0.0, 0.0, 0.917829115220333]]","[[553, 665, 568, 665, 583, 665, 583, 616, 568, 616, 553, 616], [232, 849, 264, 849, 295, 849, 295, 818, 264, 818, 232, 818], [265, 534, 356, 546, 467, 583, 482, 538, 278, 478], [223, 589, 299, 592, 382, 615, 388, 580, 305, 550, 224, 541], [394, 616, 473, 651, 487, 616, 410, 579], [350, 705, 469, 735, 472, 715, 358, 687], [355, 742, 476, 772, 482, 739, 364, 711], [362, 786, 490, 811, 497, 781, 364, 751], [308, 853, 367, 867, 371, 835, 316, 823]]","[[[272.38235294117646, 478.23529411764713], [267.97058823529414, 529.7058823529412], [340.02941176470586, 538.5294117647059], [417.97058823529414, 562.0588235294117], [467.97058823529414, 585.5882352941177], [487.08823529411757, 532.6470588235294], [409.1470588235294, 501.764705882353], [326.7941176470589, 488.5294117647059]], [[222.38235294117646, 548.8235294117646], [225.32352941176475, 584.1176470588235], [341.5, 603.2352941176471], [387.0882352941177, 610.5882352941177], [384.1470588235294, 566.4705882352941], [281.2058823529412, 553.2352941176471]], [[401.7941176470589, 582.6470588235294], [395.91176470588243, 617.9411764705882], [476.7941176470588, 645.8823529411765], [482.67647058823536, 609.1176470588235]], [[360.61764705882354, 684.1176470588235], [359.1470588235294, 703.2352941176471], [472.3823529411766, 734.1176470588235], [472.3823529411766, 707.6470588235294]], [[365.02941176470586, 712.0588235294117], [354.7352941176471, 745.8823529411765], [479.7352941176471, 770.8823529411765], [485.61764705882365, 729.7058823529411]], [[363.5588235294118, 745.8823529411765], [362.0882352941177, 787.0588235294117], [503.2647058823529, 809.1176470588235], [497.3823529411766, 773.8235294117646]], [[231.20588235294122, 817.9411764705882], [231.20588235294122, 840.0], [297.38235294117646, 854.7058823529411], [298.8529411764706, 817.9411764705882]], [[316.5, 823.8235294117646], [309.1470588235294, 853.2352941176471], [365.02941176470586, 865.0], [369.4411764705883, 834.1176470588235]]]","['###', '###', 'LIDDELLS', 'lactose', 'free', 'SPREADABLE', 'CREAM', 'CHEESE', '250g']","['LIDDELLS', 'LACTOSE', 'FREE', 'SPREADABLE', 'CREAM', 'CHEESE', '', '250G']",38,1,0.089,-0.1
1,277,1,1,1,0,1,1,1,"[{'gt': 1, 'det': 0, 'correct': True}, {'gt': 2, 'det': 1, 'correct': True}, {'gt': 6, 'det': 2, 'correct': True}, {'gt': 3, 'det': 3, 'correct': True}, {'gt': 4, 'det': 4, 'correct': True}, {'gt': 5, 'det': 5, 'correct': True}]","[[0.0, 0.0, 0.0, 0.0, 0.0, 0.0], [0.8273421559743949, 0.0, 0.0, 0.0, 0.0, 0.0], [0.0, 0.8849765834164437, 0.0, 0.0, 0.0, 0.0], [0.0, 0.0, 0.0, 0.8940445792110931, 0.0030232011891298074, 0.0], [0.0, 0.0, 0.0, 0.0015477956376387717, 0.8277291177446112, 0.00932530401647231], [0.0, 0.0, 0.0, 0.0, 0.018482776681722542, 0.7633526695190387], [0.0, 0.0, 0.7749026919347334, 0.0, 0.0, 0.0], [0.0, 0.0, 0.0, 0.0, 0.0, 0.0], [0.0, 0.0, 0.0, 0.0, 0.0, 0.0], [0.0, 0.0, 0.0, 0.0, 0.0, 0.0]]","[[172, 409, 204, 361, 256, 319, 234, 278, 177, 323, 142, 380], [270, 308, 327, 289, 396, 295, 399, 247, 316, 253, 250, 277], [403, 292, 465, 305, 516, 334, 532, 298, 474, 266, 411, 251], [148, 569, 367, 476, 651, 461, 630, 350, 303, 386, 120, 466], [288, 611, 387, 578, 511, 562, 496, 479, 360, 485, 271, 514], [259, 739, 426, 661, 624, 632, 619, 566, 403, 577, 210, 641], [633, 277, 768, 242, 768, 193, 633, 220], [684, 328, 772, 305, 769, 268, 676, 289], [534, 769, 604, 731, 652, 655, 618, 647, 564, 713, 514, 745], [7, 481, 60, 475, 58, 437, 6, 442]]","[[[255.4929577464789, 270.70422535211264], [262.5352112676057, 312.9577464788732], [310.42253521126764, 296.05633802816897], [349.8591549295775, 286.1971830985915], [397.7464788732395, 290.4225352112676], [399.15492957746477, 242.53521126760563], [303.38028169014086, 252.39436619718307]], [[407.60563380281695, 250.98591549295773], [409.01408450704224, 293.2394366197183], [462.5352112676057, 303.09859154929575], [523.0985915492959, 329.8591549295774], [530.1408450704225, 297.46478873239437], [490.7042253521127, 269.2957746478873]], [[627.3239436619717, 220.0], [631.5492957746478, 274.9295774647887], [779.0, 243.23456627616162], [779.0, 198.8732394366197], [641.4084507042253, 224.22535211267606]], [[121.6901408450704, 469.2957746478873], [135.77464788732397, 535.492957746479], [186.4788732394366, 560.8450704225353], [310.42253521126764, 494.6478873239436], [655.4929577464789, 452.3943661971831], [597.7464788732393, 349.57746478873236], [332.9577464788733, 377.7464788732394], [211.83098591549293, 415.7746478873239]], [[269.57746478873236, 525.6338028169015], [309.01408450704224, 617.1830985915493], [504.78873239436626, 552.3943661971831], [476.61971830985914, 477.7464788732394], [368.16901408450707, 489.01408450704224], [313.23943661971833, 489.01408450704224]], [[235.77464788732397, 638.3098591549297], [228.73239436619718, 679.1549295774648], [263.943661971831, 729.8591549295775], [634.3661971830986, 624.2253521126761], [628.7323943661972, 555.2112676056338], [511.83098591549293, 558.0281690140846], [404.78873239436626, 569.2957746478874], [403.38028169014086, 597.4647887323944]]]","['###', 'BISKUT', 'BERAS', 'ORIGINAL', 'Rice', 'Crackers', 'tente', '###', '###', '###']","['BISKUT', 'BERAS', 'TENTE', 'ORIGINAL', 'RICE', 'CRACKERS']",38,1,0.089,-0.1
2,117,1,1,1,0,1,1,1,"[{'gt': 0, 'det': 0, 'correct': True}, {'gt': 1, 'det': 1, 'correct': True}, {'gt': 2, 'det': 2, 'correct': True}, {'gt': 3, 'det': 3, 'correct': True}]","[[0.905211418561484, 0.0, 0.0, 0.0], [0.0, 0.924639094293613, 0.0, 0.0], [0.0, 0.0, 0.8813412448664893, 0.0], [0.0, 0.0, 0.0, 0.8521421969123276]]","[[335, 433, 365, 374, 471, 298, 607, 276, 760, 339, 824, 433, 839, 338, 764, 234, 618, 184, 484, 187, 362, 244, 291, 351], [483, 427, 690, 427, 690, 353, 479, 355], [398, 541, 535, 537, 534, 480, 400, 485], [545, 481, 551, 538, 768, 525, 765, 473, 577, 482]]","[[[291.70297029702976, 364.509900990099], [342.1980198019802, 430.84653465346537], [393.6831683168317, 348.6683168316832], [496.65346534653474, 287.2821782178218], [632.2970297029703, 284.31188118811883], [746.1584158415842, 322.92574257425747], [823.3861386138614, 424.9059405940595], [846.1584158415842, 328.8663366336634], [772.8910891089109, 247.6782178217822], [614.4752475247525, 178.37128712871288], [450.1188118811882, 199.1633663366337], [341.2079207920792, 273.42079207920796], [290.7128712871287, 342.7277227722773]], [[571.90099009901, 354.6089108910891], [476.85148514851494, 354.6089108910891], [485.7623762376238, 431.8366336633664], [697.6435643564357, 420.94554455445547], [687.7425742574258, 346.6881188118812]], [[394.6732673267327, 492.2326732673268], [405.5643564356436, 546.6881188118813], [533.2871287128713, 538.7673267326733], [530.3168316831684, 482.3316831683169], [397.6435643564356, 482.3316831683169]], [[550.1188118811882, 478.37128712871294], [551.1089108910892, 531.8366336633663], [773.8811881188119, 526.8861386138615], [766.950495049505, 468.47029702970303]]]","['KHATULISTIWA', 'CAFE', 'OPEN', '24-HOURS']","['KHATULISTIWA', 'CAFE', 'OPEN', '24-HOURS']",38,1,0.089,-0.1
2,146,1,1,1,0,1,1,1,"[{'gt': 0, 'det': 0, 'correct': True}, {'gt': 1, 'det': 1, 'correct': True}, {'gt': 2, 'det': 4, 'correct': True}, {'gt': 3, 'det': 5, 'correct': True}, {'gt': 4, 'det': 2, 'correct': True}, {'gt': 5, 'det': 3, 'correct': True}]","[[0.8998071968207498, 0.0, 0.0, 0.0, 0.0, 0.0], [0.0, 0.8926113766144066, 0.0, 0.0, 0.0, 0.0], [0.0, 0.0, 0.0, 0.0, 0.9010224807150103, 0.0], [0.0, 0.0, 0.0, 0.0, 0.0, 0.9027343814719616], [0.0, 0.0, 0.6772054075072423, 0.0, 0.0, 0.0], [0.0, 0.0, 0.0, 0.7688625258271231, 0.0, 0.0]]","[[110, 203, 182, 153, 304, 128, 299, 61, 166, 93, 74, 149], [323, 120, 375, 125, 460, 148, 552, 207, 583, 155, 459, 82, 333, 64], [118, 343, 213, 382, 330, 395, 339, 330, 245, 325, 128, 280], [372, 395, 449, 384, 541, 339, 511, 284, 432, 323, 354, 333], [487, 255, 538, 273, 555, 228, 519, 214, 491, 221], [95, 248, 112, 249, 128, 271, 137, 271, 153, 217, 105, 217]]","[[[80.45454545454544, 151.77272727272725], [114.39393939393939, 200.25757575757575], [173.1818181818182, 161.46969696969697], [239.84848484848482, 135.4090909090909], [302.27272727272725, 123.89393939393939], [294.3939393939394, 62.07575757575758], [216.2121212121212, 78.43939393939395], [131.96969696969694, 108.13636363636364]], [[328.3333333333333, 64.50000000000001], [327.12121212121207, 122.07575757575758], [426.51515151515144, 139.04545454545453], [504.090909090909, 169.95454545454544], [552.5757575757575, 208.13636363636363], [577.4242424242424, 151.77272727272725], [500.4545454545454, 102.68181818181819], [414.3939393939393, 69.34848484848486], [341.060606060606, 59.65151515151515]], [[483.4848484848484, 216.6212121212121], [482.8787878787879, 249.34848484848482], [523.4848484848484, 252.98484848484847], [527.121212121212, 264.5], [545.9090909090909, 255.40909090909088], [548.3333333333333, 223.28787878787878], [521.6666666666666, 212.37878787878785], [502.8787878787879, 215.40909090909088]], [[105.3030303030303, 219.04545454545453], [98.03030303030302, 244.49999999999997], [119.84848484848483, 249.34848484848482], [130.15151515151513, 267.530303030303], [145.3030303030303, 254.1969696969697], [156.2121212121212, 218.4393939393939]], [[128.33333333333331, 280.8636363636363], [121.66666666666664, 331.77272727272725], [121.06060606060605, 341.46969696969694], [230.75757575757575, 389.3484848484848], [331.96969696969694, 399.6515151515151], [336.2121212121212, 334.80303030303025], [239.2424242424242, 324.5], [177.42424242424238, 304.5], [137.42424242424244, 279.0454545454545]], [[368.3333333333333, 334.80303030303025], [361.66666666666663, 371.16666666666663], [385.30303030303025, 400.8636363636363], [460.4545454545454, 380.25757575757575], [542.2727272727273, 339.6515151515151], [524.6969696969696, 305.10606060606057], [505.30303030303025, 287.530303030303], [431.96969696969694, 318.43939393939394]]]","['INDIAN', 'HARBOR', 'YACHT', 'CLUB', '1889', 'ORG']","['INDIAN', 'HARBOR', '1889', 'ORG', 'YACHT', 'CLUB']",38,1,0.089,-0.1
3,268,1,1,1,0,1,1,1,"[{'gt': 0, 'det': 5, 'correct': True}, {'gt': 1, 'det': 6, 'correct': True}, {'gt': 2, 'det': 0, 'correct': True}, {'gt': 3, 'det': 3, 'correct': True}, {'gt': 4, 'det': 7, 'correct': True}, {'gt': 5, 'det': 4, 'correct': True}, {'gt': 6, 'det': 2, 'correct': True}, {'gt': 7, 'det': 1, 'correct': True}]","[[0.0, 0.0, 0.0, 0.0, 0.0, 0.8491283639946245, 0.0, 0.0], [0.0, 0.0, 0.0, 0.0, 0.0, 0.0, 0.8106900927683102, 1.2057739428495723e-05], [0.6652564693415928, 0.07830323265626249, 0.0, 0.0, 0.0, 0.0, 0.0, 0.0], [0.0, 0.0, 0.0005850812069161279, 0.7737787281861701, 0.0, 0.0, 0.0, 0.0], [0.0, 0.0, 0.0, 0.0, 0.0, 0.0, 0.0, 0.5914300202691687], [0.0, 0.0, 0.0, 0.0, 0.916160168051396, 0.0, 0.0, 0.0], [0.0, 0.0, 0.863326050527591, 0.0, 0.0, 0.0, 0.0, 0.0], [0.0017724537925472308, 0.7417444183698672, 0.0, 0.0, 0.0, 0.0, 0.0, 0.0]]","[[714, 261, 784, 261, 854, 261, 854, 237, 784, 237, 714, 237], [721, 287, 783, 287, 844, 287, 844, 264, 783, 264, 721, 264], [611, 326, 645, 326, 679, 326, 679, 306, 645, 306, 611, 306], [330, 126, 373, 126, 416, 126, 416, 99, 373, 99, 330, 99], [763, 312, 783, 312, 803, 312, 803, 293, 783, 293, 763, 293], [122, 278, 313, 216, 685, 237, 820, 187, 799, 125, 668, 164, 300, 130, 137, 178], [268, 130, 329, 125, 330, 98, 264, 98], [671, 331, 697, 335, 700, 304, 672, 304]]","[[[611.5412844036697, 307.9724770642202], [607.8715596330276, 330.908256880734], [668.4220183486239, 332.74311926605503], [673.0091743119266, 304.302752293578]], [[673.9266055045872, 306.1376146788991], [669.3394495412845, 328.1559633027523], [696.8623853211009, 329.07339449541286], [698.697247706422, 305.22018348623857]], [[272.0917431192661, 124.48623853211014], [330.8073394495413, 126.32110091743124], [327.1376146788991, 96.96330275229363], [262.00000000000006, 98.79816513761472]], [[334.47706422018354, 100.63302752293582], [334.47706422018354, 130.90825688073397], [421.63302752293583, 128.15596330275233], [417.9633027522936, 96.04587155963307]], [[140.89908256880736, 182.28440366972478], [127.1376146788991, 276.7798165137615], [235.39449541284407, 232.74311926605506], [315.211009174312, 215.3119266055046], [396.86238532110093, 215.3119266055046], [543.6513761467891, 231.8256880733945], [636.3119266055046, 232.74311926605506], [681.2660550458716, 232.74311926605506], [746.4036697247707, 212.55963302752295], [814.2935779816514, 187.7889908256881], [806.0366972477065, 121.73394495412849], [675.7614678899083, 165.77064220183487], [443.651376146789, 149.25688073394497], [381.2660550458716, 138.24770642201838], [307.8715596330276, 136.41284403669727], [187.68807339449543, 158.4311926605505]], [[713.3761467889908, 241.00000000000003], [713.3761467889908, 262.10091743119267], [850.9908256880734, 262.10091743119267], [850.9908256880734, 237.33027522935782]], [[722.5504587155964, 264.85321100917434], [721.6330275229358, 287.7889908256881], [846.4036697247707, 290.54128440366975], [844.5688073394496, 267.60550458715596]], [[763.8348623853211, 295.1284403669725], [764.7522935779816, 315.3119266055046], [814.2935779816514, 315.3119266055046], [811.5412844036697, 286.8715596330275]]]","['CREATION', 'MUSEUM', 'EXIT', 'KEEN', 'ORG', 'ANKYLOSAURUS', 'THE', '11']","['EXIT', '11', 'THE', 'KEEN', 'ANKYLOSAURUS', 'CREATION', 'MUSEUM', 'ORG']",38,1,0.089,-0.1
5,181,1,1,1,0,1,1,1,"[{'gt': 0, 'det': 2, 'correct': True}, {'gt': 1, 'det': 1, 'correct': True}, {'gt': 2, 'det': 0, 'correct': True}]","[[0.0, 0.0, 0.8404965960922215], [0.0, 0.7676623541394471, 0.0], [0.865242699518291, 0.0, 0.0]]","[[500, 103, 528, 86, 605, 63, 720, 39, 729, 9, 714, 3, 569, 30, 477, 64], [474, 173, 507, 158, 554, 139, 639, 114, 742, 101, 749, 61, 609, 82, 503, 111, 462, 130], [445, 553, 560, 541, 778, 505, 765, 440, 556, 474, 444, 498]]","[[[447.54201680672264, 489.60504201680675], [785.3571428571428, 438.34453781512605], [781.9957983193277, 519.0168067226891], [435.53299856527997, 553.0]], [[475.27310924369743, 177.0], [586.1974789915967, 137.50420168067228], [751.7436974789915, 105.57142857142856], [750.9033613445378, 58.51260504201681], [571.9117647058823, 87.08403361344537], [455.1050420168067, 129.10084033613444]], [[479.47478991596637, 61.87394957983194], [492.9201680672268, 104.73109243697479], [602.1638655462184, 69.43697478991598], [727.3739495798319, 39.18487394957983], [725.8065546218487, 0.0], [570.2310924369748, 26.57983193277311]]]","['WELCOME', 'BIENVENUE', 'PARLIAMENT']","['PARLIAMENT', 'BIENVENUE', 'WELCOME']",38,1,0.089,-0.1
1,114,1,1,1,0,1,1,1,"[{'gt': 0, 'det': 0, 'correct': True}, {'gt': 1, 'det': 1, 'correct': True}]","[[0.88465688809057, 0.0], [0.0, 0.8236890119638032]]","[[112, 260, 147, 247, 232, 232, 344, 230, 437, 232, 531, 265, 568, 211, 510, 185, 424, 167, 379, 169, 281, 166, 188, 175, 97, 203], [212, 291, 422, 291, 424, 267, 210, 266]]","[[[97.0967741935484, 205.16129032258064], [119.03225806451611, 258.7096774193549], [226.77419354838707, 235.48387096774192], [357.7419354838709, 227.09677419354838], [500.9677419354839, 248.38709677419354], [541.6129032258065, 263.2258064516129], [555.8064516129032, 234.83870967741933], [557.0967741935484, 199.3548387096774], [451.2903225806451, 173.54838709677418], [309.3548387096774, 158.70967741935482], [168.06451612903226, 171.61290322580643]], [[200.32258064516128, 267.741935483871], [204.19354838709677, 296.77419354838713], [423.54838709677415, 291.61290322580646], [422.9032258064516, 265.80645161290323]]]","['DALEWOOD', 'TOWNHOMES']","['DALEWOOD', 'TOWNHOMES']",39,1,0.045,-0.04
2,276,0.833333333,0.714285714,0.769230769,0.318181818,0.833333333,0.714285714,0.769230769,"[{'gt': 2, 'det': 0, 'correct': True}, {'gt': 3, 'det': 1, 'correct': True}, {'gt': 4, 'det': 2, 'correct': True}, {'gt': 6, 'det': 4, 'correct': True}, {'gt': 7, 'det': 5, 'correct': True}]","[[0.0, 0.0, 0.0, 0.0, 0.0, 0.0], [0.0, 0.0, 0.0, 0.0, 0.0, 0.0], [0.7753551504184472, 0.0, 0.0, 0.0, 0.0, 0.0], [0.0, 0.8019838058730322, 0.0, 0.0, 0.0, 0.0], [0.0, 0.0004314473941000863, 0.8122245884431678, 0.0, 0.0, 0.0], [0.0, 0.0, 0.0, 0.7545641560543819, 0.02928495565086309, 0.0], [0.0, 0.0, 0.0, 0.026397413013617862, 0.7800388598615992, 0.007769426390909957], [0.0, 0.0, 0.0, 0.0, 0.0, 0.7961973647543846], [0.0, 0.0, 0.0, 0.0, 0.0, 0.0]]","[[553, 665, 568, 665, 583, 665, 583, 616, 568, 616, 553, 616], [232, 849, 264, 849, 295, 849, 295, 818, 264, 818, 232, 818], [265, 534, 356, 546, 467, 583, 482, 538, 278, 478], [223, 589, 299, 592, 382, 615, 388, 580, 305, 550, 224, 541], [394, 616, 473, 651, 487, 616, 410, 579], [350, 705, 469, 735, 472, 715, 358, 687], [355, 742, 476, 772, 482, 739, 364, 711], [362, 786, 490, 811, 497, 781, 364, 751], [308, 853, 367, 867, 371, 835, 316, 823]]","[[[273.8529411764706, 476.764705882353], [265.02941176470597, 523.8235294117646], [378.2647058823529, 544.4117647058823], [465.02941176470586, 594.4117647058823], [494.4411764705883, 541.4705882352941], [372.38235294117646, 510.58823529411774]], [[222.38235294117646, 544.4117647058823], [222.38235294117646, 587.0588235294117], [342.97058823529414, 601.7647058823529], [395.91176470588243, 619.4117647058823], [395.91176470588243, 570.8823529411765], [285.61764705882354, 541.4705882352941]], [[403.2647058823529, 573.8235294117646], [395.91176470588243, 617.9411764705882], [475.32352941176464, 644.4117647058823], [482.67647058823536, 610.5882352941177]], [[359.1470588235294, 685.5882352941177], [354.7352941176471, 712.0588235294117], [479.7352941176471, 738.5294117647059], [479.7352941176471, 717.9411764705882]], [[366.5, 706.1764705882352], [357.67647058823536, 745.8823529411765], [492.97058823529414, 775.2941176470588], [491.5, 740.0]], [[372.38235294117646, 747.3529411764706], [363.5588235294118, 784.1176470588235], [490.02941176470586, 812.0588235294117], [500.32352941176464, 775.2941176470588]]]","['###', '###', 'LIDDELLS', 'LACTOSE', 'FREE', 'SPREADABLE', 'CREAM', 'CHEESE', '250G']","['LIDDELLS', 'LACTOSE', 'FREE', 'SPRE', 'CREAM', 'CHEESE']",39,1,0.045,-0.04
2,245,0.285714286,0.133333333,0.181818182,0.775,0.285714286,0.133333333,0.181818182,"[{'gt': 2, 'det': 2, 'correct': True}, {'gt': 7, 'det': 5, 'correct': True}]","[[0.7805569872599196, 0.0, 0.0, 0.0, 0.0, 0.0, 0.0], [0.0, 0.7065463080866098, 0.0, 0.0, 0.0, 0.0, 0.0], [0.0, 0.0, 0.8664888817413561, 0.0, 0.01124673649349327, 0.0, 0.0], [0.0, 0.0, 0.0036587117363727755, 0.0, 0.7451405017704047, 0.0, 0.0], [0.0, 0.0, 0.0, 0.0, 0.0021111886985685922, 0.0, 0.0], [0.0, 0.0, 0.0, 0.5301590804227831, 0.0, 0.0, 0.0], [0.0, 0.0, 0.0, 0.28901160338319387, 0.0, 0.0, 0.0], [0.0, 0.0, 0.0, 0.0, 0.0, 0.6865458915434494, 0.0], [0.0, 0.0, 0.0, 0.0, 0.0, 0.0, 0.6242344617632725], [0.0, 0.0, 0.0, 0.0, 0.0, 0.0, 0.037604282880191485], [0.0, 0.0, 0.0, 0.0, 0.0, 0.0, 0.0], [0.0, 0.0, 0.0, 0.0, 0.0, 0.004319847676500762, 0.0], [0.0, 0.0, 0.0, 0.0, 0.0, 0.0, 0.0], [0.0, 0.0, 0.0, 0.0, 0.0, 0.0, 0.0], [0.0, 0.0, 0.0, 0.0, 0.0, 0.0, 0.0]]","[[428, 346, 487, 321, 551, 315, 556, 280, 515, 279, 464, 294, 415, 312], [565, 310, 586, 310, 653, 313, 716, 328, 752, 351, 763, 316, 736, 303, 668, 285, 613, 279, 565, 282], [424, 405, 499, 409, 587, 402, 590, 378, 424, 372], [427, 430, 589, 435, 590, 411, 434, 405], [608, 432, 631, 406, 614, 391, 596, 408], [641, 421, 701, 421, 703, 391, 638, 391], [700, 418, 746, 420, 748, 397, 706, 397], [412, 490, 532, 490, 533, 463, 407, 460], [428, 588, 496, 588, 499, 558, 430, 555], [436, 588, 433, 612, 473, 618, 499, 613, 514, 610, 541, 583, 532, 568, 514, 580, 473, 594], [439, 516, 433, 496, 409, 510, 416, 526], [545, 496, 568, 495, 568, 465, 553, 463], [460, 496, 439, 499, 442, 517, 463, 513, 475, 522, 487, 504], [493, 498, 472, 519, 493, 531, 509, 526], [512, 526, 532, 522, 527, 498, 505, 507]]","[[[409.48051948051955, 318.961038961039], [438.0519480519481, 350.1298701298702], [497.7922077922078, 324.1558441558442], [556.2337662337662, 318.961038961039], [552.3376623376623, 274.80519480519484], [453.6363636363636, 298.18181818181824]], [[566.6233766233767, 278.70129870129875], [566.6233766233767, 311.1688311688312], [658.8311688311688, 320.2597402597403], [764.025974025974, 360.51948051948057], [760.1298701298701, 313.7662337662338], [651.038961038961, 270.90909090909093]], [[423.76623376623377, 374.80519480519484], [423.76623376623377, 407.2727272727273], [588.7012987012987, 403.3766233766234], [588.7012987012987, 370.90909090909093]], [[640.6493506493507, 395.58441558441564], [641.948051948052, 418.961038961039], [704.2857142857143, 420.2597402597403], [748.4415584415585, 408.5714285714286], [744.5454545454546, 392.98701298701303]], [[432.8571428571429, 408.5714285714286], [432.8571428571429, 428.0519480519481], [601.6883116883117, 433.2467532467533], [597.7922077922078, 403.3766233766234]], [[400.3896103896104, 452.72727272727275], [406.88311688311694, 485.1948051948052], [551.038961038961, 487.7922077922078], [547.1428571428572, 464.4155844155845]], [[419.87012987012986, 561.8181818181819], [428.961038961039, 591.6883116883117], [512.0779220779222, 591.6883116883117], [512.0779220779222, 551.4285714285714], [430.2597402597403, 552.7272727272727]]]","['CAPILANO', 'MEMBERSHIPS', 'UNLIMITED', 'ADMISSION', 'FOR', '365', 'DAYS', 'DISCOUNTS', 'FREE', 'ADMISSION', 'AS', 'A', 'WELL', 'AS', 'ON']","['CAPHANO', 'MEMBERSHIP', 'UNLIMITED', '365DAYS', 'ADMISION', 'DISCOUNTS', 'F']",39,1,0.045,-0.04
3,24,1,0.25,0.4,0.861111,1,0.25,0.4,"[{'gt': 3, 'det': 1, 'correct': True}, {'gt': 6, 'det': 0, 'correct': True}]","[[0.0, 0.0], [0.0, 0.0], [0.0, 0.0], [0.0, 0.7941406425315835], [0.0, 0.0], [0.0, 0.0], [0.8351928508535794, 0.0], [0.0, 0.0]]","[[21, 578, 75, 579, 76, 552, 21, 551], [204, 297, 228, 269, 255, 269, 256, 250, 214, 253, 186, 286], [253, 271, 274, 278, 287, 292, 297, 287, 284, 263, 261, 249], [216, 322, 273, 322, 273, 290, 211, 292], [206, 356, 224, 367, 247, 366, 246, 352, 230, 356, 213, 343], [250, 370, 267, 367, 281, 357, 274, 340, 264, 350, 250, 352], [399, 378, 565, 380, 567, 253, 389, 258], [469, 585, 565, 586, 565, 556, 467, 556]]","[[[385.55479452054794, 267.013698630137], [389.66438356164383, 293.041095890411], [415.69178082191786, 299.89041095890417], [425.2808219178082, 387.56164383561645], [566.0, 386.24651133017545], [566.0, 249.20547945205482], [408.8424657534247, 254.68493150684935]], [[208.84246575342468, 291.67123287671234], [210.21232876712327, 317.6986301369863], [280.07534246575347, 325.91780821917814], [278.7054794520549, 288.9315068493151]]]","['APM', 'AUTHENTIC', 'BAKERY', 'TLJ', 'SINCE', '1997', 'TO', 'TOUS']","['TO', 'TLJ']",39,1,0.045,-0.04
4,245,0.714285714,0.333333333,0.454545455,0.425,0.714285714,0.333333333,0.454545455,"[{'gt': 0, 'det': 0, 'correct': True}, {'gt': 1, 'det': 1, 'correct': True}, {'gt': 2, 'det': 2, 'correct': True}, {'gt': 3, 'det': 4, 'correct': True}, {'gt': 7, 'det': 5, 'correct': True}]","[[0.7638086626035797, 0.0, 0.0, 0.0, 0.0, 0.0, 0.0], [0.0, 0.7675030070899446, 0.0, 0.0, 0.0, 0.0, 0.0], [0.0, 0.0, 0.838206303245476, 0.0, 0.09486131162122663, 0.0, 0.0], [0.0, 0.0, 0.0, 0.0, 0.6313425965173294, 0.0, 0.0], [0.0, 0.0, 0.0, 0.0, 0.0, 0.0, 0.0], [0.0, 0.0, 0.0, 0.4430897118810184, 0.0, 0.0, 0.0], [0.0, 0.0, 0.0, 0.26991640314470516, 0.0, 0.0, 0.0], [0.0, 0.0, 0.0, 0.0, 0.0, 0.6493116968578334, 0.0], [0.0, 0.0, 0.0, 0.0, 0.0, 0.0, 0.6478677505102873], [0.0, 0.0, 0.0, 0.0, 0.0, 0.0, 0.001457297082776185], [0.0, 0.0, 0.0, 0.0, 0.0, 0.0, 0.0], [0.0, 0.0, 0.0, 0.0, 0.0, 0.0, 0.0], [0.0, 0.0, 0.0, 0.0, 0.0, 0.0, 0.0], [0.0, 0.0, 0.0, 0.0, 0.0, 0.0, 0.0], [0.0, 0.0, 0.0, 0.0, 0.0, 0.0, 0.0]]","[[428, 346, 487, 321, 551, 315, 556, 280, 515, 279, 464, 294, 415, 312], [565, 310, 586, 310, 653, 313, 716, 328, 752, 351, 763, 316, 736, 303, 668, 285, 613, 279, 565, 282], [424, 405, 499, 409, 587, 402, 590, 378, 424, 372], [427, 430, 589, 435, 590, 411, 434, 405], [608, 432, 631, 406, 614, 391, 596, 408], [641, 421, 701, 421, 703, 391, 638, 391], [700, 418, 746, 420, 748, 397, 706, 397], [412, 490, 532, 490, 533, 463, 407, 460], [428, 588, 496, 588, 499, 558, 430, 555], [436, 588, 433, 612, 473, 618, 499, 613, 514, 610, 541, 583, 532, 568, 514, 580, 473, 594], [439, 516, 433, 496, 409, 510, 416, 526], [545, 496, 568, 495, 568, 465, 553, 463], [460, 496, 439, 499, 442, 517, 463, 513, 475, 522, 487, 504], [493, 498, 472, 519, 493, 531, 509, 526], [512, 526, 532, 522, 527, 498, 505, 507]]","[[[410.77922077922085, 316.36363636363643], [428.961038961039, 354.02597402597405], [508.18181818181824, 324.1558441558442], [562.7272727272727, 313.7662337662338], [551.038961038961, 272.20779220779224], [471.81818181818187, 291.6883116883117]], [[561.4285714285714, 280.00000000000006], [561.4285714285714, 315.0649350649351], [678.3116883116884, 322.8571428571429], [753.6363636363636, 352.72727272727275], [760.1298701298701, 311.1688311688312], [638.0519480519481, 274.80519480519484]], [[422.46753246753246, 370.90909090909093], [423.76623376623377, 403.3766233766234], [593.8961038961039, 405.974025974026], [591.2987012987013, 374.80519480519484]], [[639.3506493506494, 389.0909090909091], [640.6493506493507, 413.7662337662338], [756.2337662337662, 416.36363636363643], [751.038961038961, 390.3896103896104]], [[436.7532467532468, 398.18181818181824], [436.7532467532468, 426.7532467532468], [599.0909090909091, 433.2467532467533], [595.1948051948052, 403.3766233766234]], [[399.0909090909091, 457.92207792207796], [402.98701298701303, 485.1948051948052], [535.4545454545455, 489.0909090909091], [535.4545454545455, 448.8311688311689]], [[409.48051948051955, 557.922077922078], [410.77922077922085, 594.2857142857143], [506.88311688311694, 578.7012987012987], [492.5974025974026, 556.6233766233767]]]","['CAPILANO', 'MEMBERSHIPS', 'UNLIMITED', 'ADMISSION', 'FOR', '365', 'DAYS', 'DISCOUNTS', 'FREE', 'ADMISSION', 'AS', 'A', 'WELL', 'AS', 'ON']","['CAPILANO', 'MEMBERSHIPS', 'UNLIMITED', '365DAYS', 'ADMISSION', 'DISCOUNTS', 'FA']",39,1,0.045,-0.04
5,277,1,1,1,0,1,1,1,"[{'gt': 1, 'det': 0, 'correct': True}, {'gt': 2, 'det': 1, 'correct': True}, {'gt': 3, 'det': 3, 'correct': True}, {'gt': 4, 'det': 4, 'correct': True}, {'gt': 5, 'det': 5, 'correct': True}, {'gt': 6, 'det': 2, 'correct': True}]","[[0.0, 0.0, 0.0, 0.0, 0.0, 0.0], [0.6883328269160861, 0.0, 0.0, 0.0, 0.0, 0.0], [0.0, 0.7519246950695609, 0.0, 0.0, 0.0, 0.0], [0.0, 0.0, 0.0, 0.876260211686365, 0.00884711978860929, 0.0], [0.0, 0.0, 0.0, 0.000319199388216193, 0.8014508773351231, 0.008379565543794817], [0.0, 0.0, 0.0, 0.0, 0.023328826719783306, 0.8580988030213049], [0.0, 0.0, 0.8430262226103181, 0.0, 0.0, 0.0], [0.0, 0.0, 0.0, 0.0, 0.0, 0.0], [0.0, 0.0, 0.0, 0.0, 0.0, 0.0], [0.0, 0.0, 0.0, 0.0, 0.0, 0.0]]","[[172, 409, 204, 361, 256, 319, 234, 278, 177, 323, 142, 380], [270, 308, 327, 289, 396, 295, 399, 247, 316, 253, 250, 277], [403, 292, 465, 305, 516, 334, 532, 298, 474, 266, 411, 251], [148, 569, 367, 476, 651, 461, 630, 350, 303, 386, 120, 466], [288, 611, 387, 578, 511, 562, 496, 479, 360, 485, 271, 514], [259, 739, 426, 661, 624, 632, 619, 566, 403, 577, 210, 641], [633, 277, 768, 242, 768, 193, 633, 220], [684, 328, 772, 305, 769, 268, 676, 289], [534, 769, 604, 731, 652, 655, 618, 647, 564, 713, 514, 745], [7, 481, 60, 475, 58, 437, 6, 442]]","[[[249.85915492957741, 262.2535211267605], [263.943661971831, 318.5915492957746], [320.2816901408451, 296.05633802816897], [396.3380281690141, 296.05633802816897], [396.3380281690141, 241.1267605633803], [313.23943661971833, 241.1267605633803]], [[399.15492957746477, 293.2394366197183], [518.8732394366198, 335.49295774647885], [532.9577464788733, 279.15492957746477], [409.01408450704224, 248.16901408450704]], [[623.0985915492956, 277.7464788732394], [779.0, 241.55508048289738], [766.7605633802816, 191.83098591549296], [617.4647887323943, 221.40845070422534]], [[155.4929577464789, 569.2957746478874], [275.21126760563385, 511.5492957746479], [401.97183098591546, 473.5211267605634], [658.3098591549297, 458.0281690140845], [628.7323943661972, 345.3521126760563], [390.7042253521127, 356.61971830985914], [194.92957746478868, 417.18309859154925], [111.83098591549293, 460.8450704225352]], [[269.57746478873236, 515.774647887324], [299.15492957746477, 621.4084507042254], [504.78873239436626, 555.2112676056338], [472.39436619718316, 452.3943661971831]], [[216.05633802816902, 643.943661971831], [254.0845070422535, 742.5352112676056], [444.22535211267603, 666.4788732394367], [637.1830985915492, 627.0422535211268], [609.0140845070423, 549.5774647887324], [409.01408450704224, 569.2957746478874]]]","['###', 'BISKUT', 'BERAS', 'ORIGINAL', 'RICE', 'CRACKERS', 'TENTE', '###', '###', '###']","['BISKUT', 'BERAS', 'TENTE', 'ORIGINAL', 'RICE', 'CRACKERS']",39,1,0.045,-0.04
1,184,1,1,1,0,1,1,1,"[{'gt': 0, 'det': 0, 'correct': True}, {'gt': 1, 'det': 1, 'correct': True}, {'gt': 2, 'det': 2, 'correct': True}, {'gt': 3, 'det': 3, 'correct': True}, {'gt': 4, 'det': 4, 'correct': True}]","[[0.7865659290070951, 0.0, 0.0, 0.0, 0.0], [0.0, 0.8203872851433641, 0.0, 0.0, 0.0], [0.0, 0.0, 0.8467051442859415, 0.0, 0.0], [0.0, 0.0, 0.0, 0.7127438472666408, 0.0], [0.0, 0.0, 0.0, 0.0, 0.7930989730541725]]","[[165, 138, 294, 108, 300, 65, 159, 97], [316, 109, 376, 104, 386, 56, 317, 63], [398, 98, 473, 97, 550, 103, 648, 120, 717, 135, 722, 95, 679, 80, 494, 53, 403, 57], [148, 196, 230, 191, 230, 165, 164, 163], [629, 189, 716, 195, 721, 164, 637, 164]]","[[[153.83720930232562, 96.43410852713177], [159.2635658914729, 149.92248062015503], [297.24806201550393, 109.6124031007752], [291.82170542635663, 65.42635658914728]], [[309.65116279069775, 66.97674418604652], [310.42635658914736, 108.83720930232559], [378.6434108527132, 100.31007751937983], [379.41860465116287, 55.34883720930233]], [[396.4728682170543, 58.44961240310079], [400.34883720930236, 101.08527131782947], [531.3565891472869, 97.2093023255814], [715.8527131782946, 138.29457364341087], [721.2790697674418, 86.35658914728683], [556.1627906976744, 49.92248062015503]], [[154.61240310077523, 166.20155038759688], [152.28682170542638, 190.23255813953486], [242.20930232558143, 198.7596899224806], [239.88372093023258, 163.10077519379846]], [[631.3565891472869, 161.55038759689924], [631.3565891472869, 194.10852713178295], [728.2558139534883, 192.55813953488374], [727.4806201550388, 163.87596899224806]]]","['port', 'OF', 'NEWCASTLE', 'Est', '1838']","['PORT', 'OF', 'NEWCASTLE', 'EST', '1838']",40,1,0.022,0.03
1,181,0.666666667,0.666666667,0.666666667,0.346153846,1,1,1,"[{'gt': 0, 'det': 0, 'correct': True}, {'gt': 1, 'det': 1, 'correct': False}, {'gt': 2, 'det': 2, 'correct': True}]","[[0.8128338829481101, 0.0, 0.0], [0.0, 0.7480609418860203, 0.0], [0.0, 0.0, 0.7971926527933311]]","[[500, 103, 528, 86, 605, 63, 720, 39, 729, 9, 714, 3, 569, 30, 477, 64], [474, 173, 507, 158, 554, 139, 639, 114, 742, 101, 749, 61, 609, 82, 503, 111, 462, 130], [445, 553, 560, 541, 778, 505, 765, 440, 556, 474, 444, 498]]","[[[474.43277310924367, 65.23529411764707], [492.9201680672268, 103.890756302521], [620.6512605042017, 60.193277310924366], [732.4159663865546, 49.268907563025216], [736.5217086834734, 0.0], [590.3991596638655, 20.69747899159664]], [[454.2647058823529, 133.30252100840335], [473.5924369747899, 175.31932773109244], [585.3571428571428, 124.05882352941177], [711.40756302521, 110.61344537815125], [754.2647058823529, 107.25210084033614], [748.3823529411765, 53.47058823529412], [594.6008403361344, 76.15966386554624], [477.7941176470588, 111.45378151260505]], [[434.93697478991595, 498.0084033613445], [441.6596638655462, 550.9495798319329], [793.7605042016806, 504.73109243697485], [776.1134453781513, 451.78991596638656]]]","['Welcome', 'Bienvenue', 'Parliament']","['WELCOME', '', 'PARLIAMENT']",40,1,0.022,0.03
1,117,0.5,0.5,0.5,0.464285714,1,1,1,"[{'gt': 0, 'det': 0, 'correct': False}, {'gt': 1, 'det': 1, 'correct': True}, {'gt': 2, 'det': 2, 'correct': True}, {'gt': 3, 'det': 3, 'correct': False}]","[[0.8475040513378501, 0.0, 0.0, 0.0], [0.0, 0.8118787674767014, 0.0, 0.0], [0.0, 0.0, 0.7266760540455911, 0.0], [0.0, 0.0, 0.0, 0.8624742455975813]]","[[335, 433, 365, 374, 471, 298, 607, 276, 760, 339, 824, 433, 839, 338, 764, 234, 618, 184, 484, 187, 362, 244, 291, 351], [483, 427, 690, 427, 690, 353, 479, 355], [398, 541, 535, 537, 534, 480, 400, 485], [545, 481, 551, 538, 768, 525, 765, 473, 577, 482]]","[[[293.6831683168317, 343.71782178217825], [337.2475247524752, 412.0346534653466], [431.30693069306926, 318.9653465346535], [615.4653465346535, 271.440594059406], [766.950495049505, 350.6485148514852], [831.3069306930694, 418.9653465346535], [832.2970297029703, 279.3613861386139], [712.4950495049505, 218.9653465346535], [484.77227722772284, 186.2920792079208], [371.90099009900996, 249.65841584158417], [295.66336633663366, 330.84653465346537]], [[471.90099009900996, 361.5396039603961], [485.7623762376238, 437.7772277227723], [702.5940594059406, 432.8267326732674], [699.6237623762377, 350.6485148514852]], [[386.7524752475248, 482.3316831683169], [397.6435643564356, 554.6089108910892], [539.2277227722773, 544.7079207920792], [523.3861386138615, 474.41089108910893]], [[546.1584158415842, 476.39108910891093], [553.0891089108911, 537.7772277227723], [783.7821782178219, 525.8960396039604], [778.8316831683169, 472.430693069307]]]","['KHATULISTIWA', 'CAFE', 'OPEN', '24-HOURS']","['', 'CAFE', 'OPEN', '24HOURS']",40,1,0.022,0.03
2,210,1,0.5,0.666666667,0.375,1,0.5,0.666666667,"[{'gt': 1, 'det': 0, 'correct': True}, {'gt': 2, 'det': 1, 'correct': True}]","[[0.0076769652423472065, 0.0], [0.7897934897504811, 0.049994089851122234], [0.028517121658637404, 0.8332040410333471], [0.0, 0.0]]","[[214, 196, 265, 220, 275, 203, 219, 172], [170, 199, 316, 272, 321, 251, 171, 165], [145, 200, 134, 225, 148, 284, 173, 302, 221, 289, 355, 330, 350, 274, 262, 254, 227, 211], [198, 355, 221, 348, 235, 350, 258, 356, 278, 370, 283, 334, 253, 324, 219, 320, 189, 332]]","[[[169.80985915492957, 175.08450704225353], [166.99295774647888, 195.50704225352115], [318.40140845070425, 272.2676056338028], [316.2887323943662, 242.69014084507043]], [[136.71126760563382, 201.14084507042256], [131.07746478873239, 259.59154929577466], [161.35915492957744, 295.50704225352115], [225.443661971831, 292.69014084507046], [318.40140845070425, 325.08450704225356], [349.38732394366195, 317.3380281690141], [337.41549295774644, 279.3098591549296], [250.79577464788733, 230.71830985915494], [216.28873239436618, 208.1830985915493], [202.20422535211267, 215.22535211267606], [158.54225352112675, 194.0985915492958]]]","['THE', 'WASHINGTON', 'GLASS', 'SCHOOL']","['WASHINGTON', 'GLASS']",40,1,0.022,0.03
3,146,0.833333,0.833333,0.833333,0.142857,0.833333,0.833333,0.833333,"[{'gt': 0, 'det': 0, 'correct': True}, {'gt': 1, 'det': 1, 'correct': True}, {'gt': 2, 'det': 4, 'correct': True}, {'gt': 3, 'det': 5, 'correct': True}, {'gt': 5, 'det': 3, 'correct': True}]","[[0.914554039328263, 0.0, 0.0, 0.0, 0.0, 0.0], [0.0, 0.8837455486879636, 0.0, 0.0, 0.0, 0.0], [0.0, 0.0, 0.0, 0.0, 0.9053883827492769, 0.0], [0.0, 0.0, 0.0, 0.0, 0.0, 0.8585412217836474], [0.0, 0.0, 0.7651854934735058, 0.0, 0.0, 0.0], [0.0, 0.0, 0.0, 0.7294365437093903, 0.0, 0.0]]","[[110, 203, 182, 153, 304, 128, 299, 61, 166, 93, 74, 149], [323, 120, 375, 125, 460, 148, 552, 207, 583, 155, 459, 82, 333, 64], [118, 343, 213, 382, 330, 395, 339, 330, 245, 325, 128, 280], [372, 395, 449, 384, 541, 339, 511, 284, 432, 323, 354, 333], [487, 255, 538, 273, 555, 228, 519, 214, 491, 221], [95, 248, 112, 249, 128, 271, 137, 271, 153, 217, 105, 217]]","[[[72.57575757575756, 152.37878787878788], [116.2121212121212, 201.46969696969694], [205.90909090909088, 146.9242424242424], [302.8787878787878, 129.95454545454544], [293.18181818181813, 62.07575757575758], [162.87878787878788, 97.83333333333334], [87.12121212121211, 139.04545454545453]], [[328.3333333333333, 67.53030303030303], [328.9393939393939, 123.2878787878788], [430.7575757575757, 137.83333333333331], [513.7878787878788, 183.89393939393938], [556.8181818181818, 206.9242424242424], [579.2424242424241, 148.13636363636363], [482.8787878787879, 87.53030303030303], [396.2121212121212, 70.56060606060606], [350.1515151515151, 59.65151515151515]], [[489.5454545454545, 220.25757575757575], [489.5454545454545, 257.8333333333333], [556.8181818181818, 260.8636363636363], [550.7575757575758, 222.07575757575756], [510.75757575757575, 210.56060606060603]], [[98.63636363636364, 222.68181818181816], [97.42424242424242, 251.77272727272725], [119.84848484848483, 253.59090909090907], [128.93939393939394, 268.7424242424242], [159.24242424242425, 236.6212121212121], [145.3030303030303, 209.95454545454544], [122.87878787878786, 215.40909090909088], [119.24242424242424, 221.46969696969694]], [[129.54545454545456, 279.0454545454545], [119.84848484848483, 339.6515151515151], [195.60606060606057, 379.0454545454545], [336.81818181818176, 398.4393939393939], [338.030303030303, 336.0151515151515], [165.90909090909088, 296.62121212121207]], [[363.48484848484844, 337.2272727272727], [361.060606060606, 373.59090909090907], [382.8787878787878, 396.0151515151515], [534.9999999999999, 348.7424242424242], [526.5151515151515, 304.5], [499.84848484848476, 290.56060606060606]]]","['INDIAN', 'HARBOR', 'YACHT', 'CLUB', '1889', 'ORG']","['INDIAN', 'HARBOR', '188G', 'ORG', 'YACHT', 'CLUB']",40,1,0.022,0.03
3,2,0.5,0.5,0.5,0.636364,0.5,0.5,0.5,"[{'gt': 1, 'det': 1, 'correct': True}]","[[0.4548564367975219, 0.0], [0.0, 0.7615098349526206]]","[[16, 548, 168, 535, 364, 550, 357, 503, 166, 486, 12, 507], [424, 555, 503, 568, 576, 593, 576, 553, 518, 532, 427, 512]]","[[[192.72916666666663, 491.2916666666667], [195.85416666666663, 543.3750000000001], [279.1875, 540.2500000000001], [363.5625, 549.6250000000001], [360.4375, 500.6666666666667], [264.60416666666663, 490.25]], [[464.60416666666663, 512.1250000000001], [426.0625, 512.1250000000001], [422.9375, 554.8333333333334], [500.02083333333337, 572.5416666666667], [576.0625, 600.6666666666667], [576.0625, 547.5416666666667], [545.8541666666666, 530.8750000000001], [503.14583333333337, 518.3750000000001]]]","['GEMBIRA', 'LOKA']","['BIRA', 'LOKA']",40,1,0.022,0.03
4,210,0.5,0.25,0.333333333,0.791666667,0.5,0.25,0.333333333,"[{'gt': 2, 'det': 1, 'correct': True}]","[[0.040446357075802145, 0.0], [0.7839937875551272, 0.02607779026560122], [0.0287167194816898, 0.8237589225630703], [0.0, 0.0]]","[[214, 196, 265, 220, 275, 203, 219, 172], [170, 199, 316, 272, 321, 251, 171, 165], [145, 200, 134, 225, 148, 284, 173, 302, 221, 289, 355, 330, 350, 274, 262, 254, 227, 211], [198, 355, 221, 348, 235, 350, 258, 356, 278, 370, 283, 334, 253, 324, 219, 320, 189, 332]]","[[[162.06338028169014, 174.38028169014086], [162.76760563380284, 195.50704225352115], [299.38732394366195, 261.7042253521127], [302.20422535211264, 237.05633802816902], [184.59859154929578, 175.08450704225353]], [[140.93661971830986, 197.61971830985917], [131.7816901408451, 235.64788732394368], [158.54225352112675, 299.02816901408454], [216.99295774647888, 297.6197183098592], [340.9366197183099, 330.71830985915494], [343.0492957746478, 269.4507042253521], [244.45774647887325, 241.2816901408451], [225.443661971831, 213.11267605633805], [202.20422535211267, 216.63380281690144], [152.90845070422537, 196.21126760563382]]]","['THE', 'WASHINGTON', 'GLASS', 'SCHOOL']","['WING', 'GLASS']",40,1,0.022,0.03
5,205,0.75,0.75,0.75,0.2,0.75,0.75,0.75,"[{'gt': 1, 'det': 1, 'correct': True}, {'gt': 2, 'det': 2, 'correct': True}, {'gt': 3, 'det': 0, 'correct': True}]","[[0.0, 0.0, 0.0, 0.7660005804622279], [0.0, 0.7857521118677996, 0.0, 0.0], [0.0, 0.0, 0.7715444008980593, 0.0], [0.9015723450072309, 0.0, 0.0, 0.0]]","[[82, 104, 93, 88, 113, 65, 152, 44, 147, 20, 107, 33, 73, 53, 51, 92], [166, 42, 195, 43, 231, 56, 266, 82, 286, 111, 313, 106, 307, 87, 279, 46, 214, 16, 167, 15], [126, 144, 152, 138, 187, 137, 223, 145, 228, 127, 173, 116, 129, 120], [92, 258, 119, 276, 172, 283, 212, 279, 255, 258, 225, 234, 215, 242, 172, 247, 147, 249, 105, 232]]","[[[120.63709677419357, 239.91935483870967], [160.15322580645162, 250.0], [232.73387096774195, 237.09677419354838], [256.9274193548387, 259.27419354838713], [197.65322580645164, 281.85483870967744], [146.04032258064518, 280.241935483871], [87.97580645161293, 267.3387096774194], [101.28225806451613, 231.4516129032258], [109.34677419354838, 236.29032258064515]], [[167.41129032258064, 47.983870967741936], [205.7177419354839, 44.75806451612903], [249.26612903225805, 74.59677419354838], [281.1209677419355, 107.25806451612902], [315.39516129032256, 96.37096774193549], [283.13709677419354, 43.54838709677419], [223.45967741935488, 15.725806451612904], [164.99193548387098, 12.096774193548388]], [[131.92741935483872, 144.3548387096774], [170.23387096774195, 139.51612903225805], [226.28225806451616, 144.3548387096774], [226.68548387096774, 121.37096774193549], [176.28225806451613, 113.30645161290322], [125.47580645161293, 120.96774193548387]], [[48.45967741935484, 97.98387096774194], [69.42741935483872, 112.09677419354838], [100.47580645161293, 81.85483870967742], [153.70161290322582, 50.806451612903224], [144.83064516129033, 14.112903225806452], [60.95967741935484, 59.274193548387096]]]","['TEXAS', 'EMBASSY', 'LONDON', 'CANTINA']","['CANTINA', 'EMBASSY', 'LONDON', 'S']",40,1,0.022,0.03
1,2,0,0,0,1,0,0,0,[],"[[0.0], [0.0]]","[[16, 548, 168, 535, 364, 550, 357, 503, 166, 486, 12, 507], [424, 555, 503, 568, 576, 593, 576, 553, 518, 532, 427, 512]]",[[]],"['GEMBIRA', 'LOKA']",[''],41,1,0.011,0.13
2,299,0,0,0,1,0,0,0,[],"[[0.6372196107703856, 0.0, 0.0, 0.0, 0.0], [0.027829732951106995, 0.0, 0.0, 0.0, 0.0], [0.0, 0.0, 0.0, 0.0, 0.0], [0.0, 0.0, 0.0, 0.014781919307928545, 0.6859349821252364], [0.0, 0.0, 0.0, 0.7371694863097084, 0.01498368407481588], [0.0, 0.6588531714773528, 0.0019867053252115414, 0.0, 0.0], [0.0, 0.0005740762998831167, 0.7319662919167594, 0.0, 0.0]]","[[234, 664, 483, 589, 730, 655, 753, 513, 483, 466, 207, 496], [402, 649, 477, 640, 568, 649, 582, 595, 492, 589, 405, 604], [435, 694, 558, 693, 562, 666, 423, 666], [258, 753, 313, 784, 384, 810, 393, 763, 339, 745, 279, 709], [213, 793, 301, 847, 400, 873, 412, 816, 318, 793, 241, 759], [583, 801, 651, 774, 718, 744, 688, 708, 637, 742, 592, 757], [573, 873, 682, 843, 765, 795, 744, 744, 648, 790, 555, 820]]","[[[253.37662337662346, 524.1558441558442], [214.41558441558448, 568.3116883116884], [266.3636363636364, 654.025974025974], [439.0909090909091, 590.3896103896104], [694.9350649350649, 635.8441558441559], [693.6363636363636, 516.3636363636364], [440.3896103896104, 507.2727272727273]], [[581.948051948052, 770.909090909091], [601.4285714285714, 805.9740259740261], [724.8051948051948, 754.025974025974], [696.2337662337662, 700.7792207792209], [594.9350649350649, 769.6103896103897]], [[558.5714285714286, 833.2467532467533], [570.2597402597403, 872.2077922077923], [714.4155844155845, 818.961038961039], [768.961038961039, 769.6103896103897], [730.0, 733.2467532467533], [619.6103896103897, 800.7792207792209]], [[235.1948051948052, 750.1298701298701], [215.71428571428578, 792.987012987013], [331.2987012987013, 851.4285714285714], [418.3116883116884, 860.5194805194806], [414.4155844155845, 802.0779220779222], [327.4025974025974, 792.987012987013]], [[261.16883116883116, 709.8701298701299], [244.28571428571433, 743.6363636363636], [355.97402597402606, 807.2727272727273], [411.81818181818187, 818.961038961039], [410.51948051948057, 785.1948051948052], [322.2077922077923, 737.1428571428572]]]","['STMARTIN', 'BKK', '1999', 'TATTOO', 'KHAOSAN', 'STUDIO', 'THAILAND']","['ST', '', '', '', '']",41,1,0.011,0.13
3,117,0.333333,0.25,0.285714,0.857143,0.333333,0.25,0.285714,"[{'gt': 1, 'det': 0, 'correct': True}]","[[0.0, 0.8735981124196222, 0.0], [0.7876176270859424, 0.0, 0.0], [0.0, 0.0, 0.3261823712327224], [0.0, 0.0, 0.5035882304305934]]","[[335, 433, 365, 374, 471, 298, 607, 276, 760, 339, 824, 433, 839, 338, 764, 234, 618, 184, 484, 187, 362, 244, 291, 351], [483, 427, 690, 427, 690, 353, 479, 355], [398, 541, 535, 537, 534, 480, 400, 485], [545, 481, 551, 538, 768, 525, 765, 473, 577, 482]]","[[[485.7623762376238, 349.6584158415842], [484.77227722772284, 421.9356435643565], [687.7425742574258, 426.8861386138614], [667.940594059406, 335.79702970297035]], [[283.78217821782175, 346.6881188118812], [329.3267326732673, 419.9554455445545], [378.8316831683169, 354.6089108910891], [496.65346534653474, 291.24257425742576], [611.5049504950496, 278.37128712871294], [811.5049504950496, 394.21287128712873], [856.059405940594, 373.42079207920796], [778.8316831683169, 244.70792079207922], [606.5544554455446, 175.4009900990099], [492.69306930693074, 177.3811881188119], [336.25742574257424, 262.5297029702971]], [[388.73267326732673, 487.2821782178218], [392.69306930693074, 543.7178217821782], [780.8118811881188, 527.8762376237624], [771.90099009901, 464.509900990099]]]","['KHATULISTIWA', 'CAFE', 'OPEN', '24-HOURS']","['CAFE', 'KHATLLS', '']",41,1,0.011,0.13
3,276,0,0,0,1,0,0,0,[],"[[0.0], [0.0], [0.7826236489021724], [0.0], [0.0], [0.0], [0.0], [0.0], [0.0]]","[[553, 665, 568, 665, 583, 665, 583, 616, 568, 616, 553, 616], [232, 849, 264, 849, 295, 849, 295, 818, 264, 818, 232, 818], [265, 534, 356, 546, 467, 583, 482, 538, 278, 478], [223, 589, 299, 592, 382, 615, 388, 580, 305, 550, 224, 541], [394, 616, 473, 651, 487, 616, 410, 579], [350, 705, 469, 735, 472, 715, 358, 687], [355, 742, 476, 772, 482, 739, 364, 711], [362, 786, 490, 811, 497, 781, 364, 751], [308, 853, 367, 867, 371, 835, 316, 823]]","[[[275.5, 478.0], [269.5, 531.0], [413.5, 566.0], [483.5, 592.0], [495.5, 535.0], [348.5, 491.0]]]","['###', '###', 'LIDDELLS', 'LACTOSE', 'FREE', 'SPREADABLE', 'CREAM', 'CHEESE', '250G']",['LII'],41,1,0.011,0.13
4,146,0.75,0.5,0.6,0.464285714,0.75,0.5,0.6,"[{'gt': 1, 'det': 2, 'correct': True}, {'gt': 2, 'det': 0, 'correct': True}, {'gt': 3, 'det': 1, 'correct': True}]","[[0.0, 0.0, 0.0, 0.7848503864609716], [0.0, 0.0, 0.8349398100917681, 0.0], [0.8854415027585535, 0.0, 0.0, 0.0], [0.0, 0.8896081239627335, 0.0, 0.0], [0.0, 0.0, 0.0, 0.0], [0.0, 0.0, 0.0, 0.0]]","[[110, 203, 182, 153, 304, 128, 299, 61, 166, 93, 74, 149], [323, 120, 375, 125, 460, 148, 552, 207, 583, 155, 459, 82, 333, 64], [118, 343, 213, 382, 330, 395, 339, 330, 245, 325, 128, 280], [372, 395, 449, 384, 541, 339, 511, 284, 432, 323, 354, 333], [487, 255, 538, 273, 555, 228, 519, 214, 491, 221], [95, 248, 112, 249, 128, 271, 137, 271, 153, 217, 105, 217]]","[[[140.45454545454544, 286.3181818181818], [119.24242424242424, 345.7121212121212], [190.75757575757575, 378.4393939393939], [327.7272727272727, 393.59090909090907], [340.4545454545454, 336.0151515151515], [216.8181818181818, 320.25757575757575]], [[363.48484848484844, 335.4090909090909], [362.8787878787878, 364.49999999999994], [374.3939393939393, 389.3484848484848], [476.21212121212113, 371.77272727272725], [543.4848484848484, 337.2272727272727], [512.5757575757575, 288.7424242424242], [415.60606060606057, 323.8939393939394]], [[334.3939393939394, 66.31818181818183], [332.5757575757575, 123.2878787878788], [465.9090909090909, 157.83333333333331], [551.9696969696969, 210.56060606060603], [581.6666666666666, 146.3181818181818], [487.121212121212, 96.01515151515152], [387.12121212121207, 63.28787878787879]], [[291.3636363636363, 74.1969696969697], [305.30303030303025, 129.95454545454544], [215.0, 134.1969696969697], [175.0, 154.1969696969697], [114.39393939393939, 200.86363636363635], [73.18181818181817, 145.7121212121212], [189.5454545454545, 96.01515151515152]]]","['INDIAN', 'HARBOR', 'YACHT', 'CLUB', '1889', 'ORG']","['YACHT', 'CLUB', 'HARBOR', '']",41,1,0.011,0.13
4,264,0,0,0,1,0,0,0,[],"[[0.0], [0.0]]","[[139, 163, 217, 110, 309, 123, 324, 82, 208, 77, 131, 135], [157, 191, 296, 159, 286, 128, 154, 160]]",[[]],"['ANTIQUE', 'HOSTEL']",[''],41,1,0.011,0.13
5,117,0.6,0.75,0.666666667,0.285714286,0.6,0.75,0.666666667,"[{'gt': 0, 'det': 0, 'correct': True}, {'gt': 1, 'det': 1, 'correct': True}, {'gt': 2, 'det': 2, 'correct': True}]","[[0.8303176520111004, 0.0, 0.0, 0.0, 0.0], [0.0, 0.7968395751055949, 0.0, 0.0, 0.0], [0.0, 0.0, 0.8439060886364157, 0.0, 0.0], [0.0, 0.0, 0.0, 0.2496159452584583, 0.5749574598341026]]","[[335, 433, 365, 374, 471, 298, 607, 276, 760, 339, 824, 433, 839, 338, 764, 234, 618, 184, 484, 187, 362, 244, 291, 351], [483, 427, 690, 427, 690, 353, 479, 355], [398, 541, 535, 537, 534, 480, 400, 485], [545, 481, 551, 538, 768, 525, 765, 473, 577, 482]]","[[[352.09900990099015, 429.8564356435644], [414.4752475247525, 339.7574257425743], [533.2871287128713, 285.30198019801986], [660.019801980198, 293.22277227722776], [771.90099009901, 383.32178217821786], [821.4059405940594, 439.7574257425743], [854.0792079207921, 321.9356435643565], [751.1089108910892, 221.93564356435644], [621.4059405940594, 188.27227722772278], [463.98019801980206, 188.27227722772278], [329.3267326732673, 260.5495049504951], [279.82178217821786, 356.5891089108911]], [[499.62376237623766, 432.8267326732674], [698.6336633663367, 425.89603960396045], [686.7524752475248, 337.7772277227723], [480.81188118811883, 342.7277227722773], [484.77227722772284, 432.8267326732674]], [[400.61386138613864, 482.3316831683169], [400.61386138613864, 545.6980198019802], [541.2079207920792, 543.7178217821782], [529.3267326732673, 477.3811881188119]], [[549.1287128712871, 475.40099009900996], [550.1188118811882, 540.7475247524753], [610.5148514851486, 532.8267326732673], [598.6336633663367, 466.49009900990103]], [[625.3663366336634, 482.3316831683169], [627.3465346534654, 537.7772277227723], [778.8316831683169, 526.8861386138615], [770.910891089109, 470.450495049505]]]","['KHATULISTIWA', 'CAFE', 'OPEN', '24-HOURS']","['KHATULISTIWA', 'CAFE', 'OPEN', '24', 'HOURS']",41,1,0.011,0.13
5,276,0,0,0,1,0,0,0,[],"[[0.0], [0.0], [0.7048655365549866], [0.0], [0.0], [0.0], [0.0], [0.0], [0.0]]","[[553, 665, 568, 665, 583, 665, 583, 616, 568, 616, 553, 616], [232, 849, 264, 849, 295, 849, 295, 818, 264, 818, 232, 818], [265, 534, 356, 546, 467, 583, 482, 538, 278, 478], [223, 589, 299, 592, 382, 615, 388, 580, 305, 550, 224, 541], [394, 616, 473, 651, 487, 616, 410, 579], [350, 705, 469, 735, 472, 715, 358, 687], [355, 742, 476, 772, 482, 739, 364, 711], [362, 786, 490, 811, 497, 781, 364, 751], [308, 853, 367, 867, 371, 835, 316, 823]]","[[[272.38235294117646, 534.1176470588235], [463.5588235294117, 581.1764705882352], [484.1470588235295, 525.2941176470588], [269.4411764705883, 466.47058823529414], [248.8529411764706, 528.2352941176471]]]","['###', '###', 'LIDDELLS', 'LACTOSE', 'FREE', 'SPREADABLE', 'CREAM', 'CHEESE', '250G']",['LIDDELS'],41,1,0.011,0.13